na2,na1,nt2,ftm,cell_type,fa2,fa1,ft1,nt1,ntm,ft2,cell_id,treatment,cell_line,normrr
23.98737548,76.01262452,2233.904186,1433.32161,fibroblast,22.85213951,77.14786056,908.2874333,452.0717624,870.9208005,3380.44735,HFF_Control_5_32,control,HFF,0.53883764
20.15842097,79.84157905,1893.179931,549.9584848,fibroblast,21.66486386,78.33513612,186.7387885,292.0783956,611.6949718,1889.847738,HFF_Control_8_46,control,HFF,0.551491468
21.94788389,78.05211612,2149.989231,824.5930614,fibroblast,27.624786,72.37521403,338.8018648,439.4007134,806.6665966,2136.133011,HFF_Control_2_113,control,HFF,0.555049823
21.98058766,78.0194123,2094.156915,797.1361428,fibroblast,26.61502124,73.38497875,333.8002357,433.3994042,789.5660264,2114.322411,HFF_Control_2_198,control,HFF,0.555933859
21.67865324,78.32134678,1845.233564,789.587625,fibroblast,27.4529244,72.54707562,283.6173648,215.235165,566.8189126,2166.497902,HFF_Control_6_142,control,HFF,0.559276698
22.51910162,77.48089838,2243.516753,1351.238283,fibroblast,21.58425059,78.41574945,856.3113885,463.190394,852.1241256,3236.031848,HFF_Control_5_255,control,HFF,0.559939883
21.01685092,78.98314907,2197.847885,1258.935012,fibroblast,20.63657736,79.3634227,812.6953068,461.3576388,818.9767325,3013.744279,HFF_Control_5_159,control,HFF,0.560122487
22.75682314,77.2431769,1976.185934,529.4711293,fibroblast,20.04541342,79.95458641,173.0405177,294.3349786,672.7867641,1980.407526,HFF_Control_8_70,control,HFF,0.560750775
22.93718145,77.06281853,1961.631355,571.878451,fibroblast,21.50506436,78.49493567,181.4607558,292.6906952,671.4333281,2016.566114,HFF_Control_8_255,control,HFF,0.56295348
23.03244593,76.96755398,2310.126682,795.5782701,fibroblast,26.47168213,73.52831783,321.9375994,499.952594,903.2904508,2177.635269,HFF_Control_2_57,control,HFF,0.573400129
21.28037975,78.71962018,2142.375534,1269.991993,fibroblast,21.05461668,78.94538327,812.9489771,447.4722566,796.457179,3034.471891,HFF_Control_5_128,control,HFF,0.582756229
23.17386402,76.82613598,2031.443303,537.5321976,fibroblast,20.22386116,79.77613891,188.9628356,319.0205018,706.3407648,1957.796251,HFF_Control_8_23,control,HFF,0.584289995
23.67253387,76.32746613,2354.478265,1431.444959,fibroblast,21.99906472,78.00093522,914.3602862,508.0265001,933.0005417,3369.706083,HFF_Control_5_96,control,HFF,0.586934267
20.27185987,79.72814013,2004.015782,1187.16491,fibroblast,20.87510193,79.12489806,745.0198266,318.8771912,656.0264177,2902.52444,HFF_Control_7_227,control,HFF,0.587227289
19.14991101,80.85008901,1801.158744,737.4007248,fibroblast,25.20471372,74.79528626,292.797949,212.9828246,518.2440265,2111.287141,HFF_Control_6_227,control,HFF,0.588569448
22.2777043,77.72229569,1980.340448,561.7884573,fibroblast,20.90387882,79.09612111,190.8887097,296.4081716,667.5316203,1992.143936,HFF_Control_8_209,control,HFF,0.589276857
20.97204866,79.02795148,1844.918604,529.407006,fibroblast,20.05171792,79.94828237,192.2495176,272.9418597,596.352209,1877.829337,HFF_Control_8_139,control,HFF,0.594559568
21.48623436,78.51376556,1888.338228,769.4102035,fibroblast,25.85515773,74.14484222,275.6011598,210.7830934,570.2716802,2229.962747,HFF_Control_4_128,control,HFF,0.594742106
23.08046332,76.91953686,2411.198157,834.397369,fibroblast,26.20189398,73.79810591,363.2960595,527.4293104,949.1046732,2204.255549,HFF_Control_2_28,control,HFF,0.594882008
20.46237367,79.53762635,1853.465837,587.8274431,fibroblast,22.23747841,77.76252161,209.8926031,289.9217602,606.0068015,1944.007154,HFF_Control_8_162,control,HFF,0.594893414
23.09086441,76.90913559,2307.536703,845.5768632,fibroblast,27.17129903,72.82870097,346.0712667,484.4431978,893.9029505,2233.744749,HFF_Control_3_39,control,HFF,0.601816875
22.28274577,77.71725412,1952.412706,571.9348312,fibroblast,21.25835244,78.74164763,202.8102693,305.0075887,666.6317472,1971.635538,HFF_Control_8_93,control,HFF,0.602085823
20.49537524,79.5046248,2255.523349,814.2580879,fibroblast,27.20907653,72.79092343,349.259703,470.1961243,829.5330538,2119.822009,HFF_Control_2_227,control,HFF,0.602627645
21.19989318,78.80010686,1819.861145,781.2642717,fibroblast,25.79776262,74.2022373,263.0552374,205.9048975,548.0440545,2986.691941,HFF_Control_4_159,control,HFF,0.602787177
21.16516855,78.83483154,2241.577307,775.0488455,fibroblast,25.09884601,74.90115406,337.792997,453.0822752,821.7927679,2121.426895,HFF_Control_3_235,control,HFF,0.606655703
23.29092568,76.70907433,1959.481042,619.301657,fibroblast,22.84597981,77.1540202,209.0989183,314.6818779,691.8258466,2024.078557,HFF_Control_8_116,control,HFF,0.60779665
22.56544698,77.43455305,2282.219754,762.1062798,fibroblast,24.63658511,75.36341494,332.7122991,480.1647462,874.5436562,2128.227002,HFF_Control_3_118,control,HFF,0.615297862
23.60410336,76.39589669,2278.026919,1375.214962,fibroblast,21.65234538,78.34765459,869.0011523,479.3593842,893.2438665,3295.13167,HFF_Control_5_223,control,HFF,0.616764844
23.43271233,76.56728765,2372.975843,854.1351064,fibroblast,27.33568538,72.66431464,350.6443807,527.6252317,947.8557109,2267.341722,HFF_Control_3_20,control,HFF,0.616935816
21.87896472,78.12103525,1897.938395,790.9275827,fibroblast,25.65105429,74.34894571,311.2936898,236.8779374,597.0185383,2249.892303,HFF_Control_6_113,control,HFF,0.617011968
23.72837414,76.27162586,2006.068948,1297.286063,fibroblast,21.67737925,78.32262072,800.4959666,315.0208348,707.9751881,3151.383227,HFF_Control_7_170,control,HFF,0.620215636
22.29106604,77.70893398,2377.490728,1348.06301,fibroblast,21.39418267,78.60581732,856.2733719,518.2471037,919.0799871,3207.635043,HFF_Control_5_191,control,HFF,0.620972351
23.82713028,76.17286972,2411.179392,832.5462461,fibroblast,26.12510707,73.87489296,343.8775116,522.635835,958.8015426,2289.969962,HFF_Control_3_216,control,HFF,0.624907419
22.26044361,77.73955639,2401.148194,791.1485803,fibroblast,25.35967095,74.64032922,330.1746887,525.1842937,929.6480974,2221.921261,HFF_Control_3_157,control,HFF,0.625192893
19.64717638,80.35282362,1826.284421,703.5817565,fibroblast,23.58579381,76.41420613,277.9026704,199.3207187,521.511612,2147.245279,HFF_Control_4_32,control,HFF,0.625530844
23.02051934,76.97948065,2385.362852,760.6082064,fibroblast,24.97012071,75.0298793,305.4840462,524.8045924,940.4769244,2231.302542,HFF_Control_3_137,control,HFF,0.626070418
21.86720469,78.13279526,2400.349259,799.9643908,fibroblast,24.3314213,75.66857874,334.423804,514.880249,915.4869759,2572.424333,HFF_Control_2_85,control,HFF,0.626328683
21.09763754,78.90236244,1917.641086,1135.397725,fibroblast,20.39705777,79.60294223,718.6853327,289.8760007,630.6312798,2796.360154,HFF_Control_7_85,control,HFF,0.628580931
21.13497763,78.86502234,2717.89315,790.1128243,fibroblast,24.58988311,75.41011684,333.3767025,646.0472297,1072.103413,2297.1052,HFF_Control_1_142,control,HFF,0.629653855
22.97012848,77.0298715,2410.337893,791.5766479,fibroblast,25.86803538,74.13196468,329.1700033,535.6792856,953.6162516,2219.842046,HFF_Control_3_177,control,HFF,0.632234009
21.4160123,78.58398771,2562.62686,829.9015156,fibroblast,24.15532306,75.84467696,378.4077388,608.3772861,1015.455549,2379.985722,HFF_Control_1_255,control,HFF,0.634118638
23.11552407,76.88447593,2478.571639,1312.790877,fibroblast,21.42137262,78.57862741,817.066535,531.4019065,968.6145264,3185.02963,HFF_Control_5_64,control,HFF,0.635136226
20.63309675,79.36690324,2748.233516,755.4898275,fibroblast,24.28023938,75.71976079,319.5755521,662.3241661,1082.160507,2318.076031,HFF_Control_1_57,control,HFF,0.635785385
20.31668015,79.68331983,2782.350402,797.1454532,fibroblast,23.89312918,76.10687083,349.8188296,682.2561002,1099.395858,2325.886762,HFF_Control_1_28,control,HFF,0.637546258
22.02704271,77.97295718,2449.354228,761.957028,fibroblast,23.70847146,76.29152862,338.4479287,541.1823902,949.3662998,2228.447003,HFF_Control_3_196,control,HFF,0.638045885
22.71408107,77.28591893,1894.552379,792.374618,fibroblast,25.33372516,74.66627505,306.3061287,236.0800854,609.3520549,2286.538651,HFF_Control_6_28,control,HFF,0.639262961
22.2043625,77.79563751,1967.556435,737.1706317,fibroblast,23.79699026,76.20300976,277.2058714,230.6953605,611.8875285,2261.39104,HFF_Control_4_96,control,HFF,0.644476388
20.66066863,79.33933139,2870.406522,823.3463153,fibroblast,24.74319364,75.2568063,365.147441,712.0024377,1148.709189,2333.390748,HFF_Control_1_198,control,HFF,0.646328645
23.17128518,76.82871483,2382.514954,896.8948618,fibroblast,26.68303116,73.31696883,383.9940912,511.30832,929.3427978,2384.279215,HFF_Control_3_59,control,HFF,0.647842077
23.46293143,76.53706854,2086.063478,1243.144847,fibroblast,21.85581628,78.14418369,759.0340743,357.8883297,753.316929,3043.606082,HFF_Control_7_198,control,HFF,0.651214264
20.72428535,79.27571465,1897.256873,743.2622655,fibroblast,23.56755958,76.43244052,300.6627028,212.4618242,559.9552636,2246.198814,HFF_Control_4_64,control,HFF,0.653281951
19.09035112,80.90964884,1852.720982,716.9294266,fibroblast,23.57239063,76.42760926,310.7590273,230.8934872,539.6953263,2096.724118,HFF_Control_6_170,control,HFF,0.654155065
20.07264671,79.92735326,1949.852484,719.6366458,fibroblast,22.60309277,77.39690743,310.2213445,243.2646718,581.6504972,2211.738641,HFF_Control_6_57,control,HFF,0.659656218
24.19614372,75.8038563,2170.584095,612.357784,fibroblast,19.83485065,80.16514942,233.8679981,351.8196185,781.6317392,2239.781544,HFF_Control_8_232,control,HFF,0.660729255
22.23344768,77.76655245,1929.22119,769.2620226,fibroblast,24.01818745,75.98181255,302.6568115,226.6397489,602.6777713,2383.321448,HFF_Control_4_255,control,HFF,0.661898073
22.07622619,77.92377377,2463.703981,801.3546542,fibroblast,24.2777595,75.72224049,369.2819284,527.4037536,941.6883577,2222.602098,HFF_Control_2_170,control,HFF,0.664145514
20.39915429,79.60084565,2765.659271,741.2929854,fibroblast,23.20552522,76.79447476,324.4073004,659.6165843,1076.617483,2237.047563,HFF_Control_1_113,control,HFF,0.664447592
21.10532207,78.89467793,1955.757287,734.4070275,fibroblast,22.03290847,77.96709149,312.0811416,221.6362899,584.0032253,2275.497517,HFF_Control_4_191,control,HFF,0.668365177
23.83776379,76.16223627,2120.154752,1280.39493,fibroblast,21.76033259,78.23966744,778.0902362,352.7124514,761.8416025,3158.316059,HFF_Control_7_113,control,HFF,0.670245656
24.70288657,75.29711343,2156.207518,1267.345142,fibroblast,22.13198775,77.86801221,762.9034589,373.6821132,803.0304482,3130.204408,HFF_Control_7_255,control,HFF,0.672230242
22.06663806,77.93336188,2649.149874,890.7963328,fibroblast,25.03370472,74.96629525,408.5175882,616.0005112,1050.101005,2423.717348,HFF_Control_2_142,control,HFF,0.673033848
22.58649688,77.41350313,2622.063438,839.7015915,fibroblast,25.27075,74.72924969,409.4914844,572.4717344,1022.778216,2252.55875,HFF_Control_3_98,control,HFF,0.673607229
23.70226406,76.29773594,2587.805726,897.6884187,fibroblast,25.13314501,74.86685499,403.8089923,573.7748472,1032.216796,2474.116677,HFF_Control_3_78,control,HFF,0.675538647
23.47100668,76.52899334,2120.899053,679.7628248,fibroblast,21.77206534,78.2279348,259.7146519,352.0648124,755.9021493,2324.99362,HFF_Control_8_185,control,HFF,0.676552614
24.84212411,75.15787588,2204.270599,1307.218299,fibroblast,22.95921013,77.0407899,782.6195187,391.7608701,830.6212758,3187.479527,HFF_Control_7_28,control,HFF,0.679969422
24.09862157,75.90137843,2103.124243,1312.981202,fibroblast,21.80383983,78.19616029,802.2819752,350.4679533,762.4933924,3200.248767,HFF_Control_7_57,control,HFF,0.682618539
21.69441106,78.30558895,1988.996737,783.8540765,fibroblast,23.26173924,76.73826079,343.0098429,259.3162967,632.1601911,2347.890992,HFF_Control_6_85,control,HFF,0.683428899
20.35227108,79.64772906,2966.981084,777.6207115,fibroblast,23.54577084,76.45422906,337.4990261,736.991064,1179.792658,2257.660887,HFF_Control_1_227,control,HFF,0.684953808
21.13832488,78.86167515,2894.899606,862.5169522,fibroblast,23.43473241,76.56526749,399.7777135,704.5596493,1156.174221,2496.663079,HFF_Control_1_85,control,HFF,0.699592188
20.84495146,79.15504856,2934.133643,898.0729678,fibroblast,24.29464944,75.70535041,402.8283522,733.682628,1181.764068,2662.509954,HFF_Control_1_170,control,HFF,0.71017305
23.49822186,76.50177811,2277.9599,1294.645506,fibroblast,21.49342735,78.50657261,788.3076838,437.6639671,856.3361782,3366.699516,HFF_Control_7_142,control,HFF,0.749828713
22.44532447,77.55467553,1997.322553,880.4890799,fibroblast,22.7022883,77.2977117,400.573866,301.1347628,672.8627006,2603.838936,HFF_Control_6_198,control,HFF,0.757826534
19.91789033,80.08211,3706.894333,1044.332617,fibroblast,21.83148,78.16851989,648.4705233,758.5615667,1241.712933,2704.771867,HFF_Control_3_255,control,HFF,0.802586899
21.86266313,78.1373375,3155.756667,1092.330324,fibroblast,19.66304375,80.33695625,574.2030208,720.0066042,1234.220349,3727.426458,HFF_Control_2_255,control,HFF,0.805557261
22.616925,77.383075,2040.783125,850.3428125,fibroblast,20.26646938,79.73353125,472.9034313,341.5655938,714.1458178,2342.34375,HFF_Control_6_255,control,HFF,0.848975368
19.75622778,80.24377222,2607.551111,1056.690862,fibroblast,19.00923222,80.99076667,540.5714444,438.6152778,849.8289874,3808.810556,HFF_Control_4_223,control,HFF,0.862061811
18.95870914,81.04129071,1984.95,768.3966834,fibroblast,24.97082483,75.02917514,358.1362023,331.9057419,637.3425477,2055.983292,HFF_CCCP_1_64,FCCP,HFF,0.510521782
22.09624402,77.90375597,1943.68598,1451.764717,fibroblast,21.16144988,78.83855022,980.9573121,302.2393178,660.215314,3662.936748,HFF_CCCP_3_26,FCCP,HFF,0.513850988
12.7918508,87.2081488,1599.37342,1189.601297,fibroblast,20.49464667,79.50535332,749.8501707,112.7762292,306.866011,2919.948337,HFF_CCCP_2_170,FCCP,HFF,0.527958644
13.7108241,86.28917607,1597.758512,1228.333286,fibroblast,20.76708001,79.23292001,767.1424449,113.5974006,319.0833766,3014.916093,HFF_CCCP_2_198,FCCP,HFF,0.535122835
23.15111671,76.84888327,2117.91823,506.5078149,fibroblast,20.09629525,79.90370491,158.6102744,415.4648585,799.3133833,1945.244836,HFF_CCCP_6_149,FCCP,HFF,0.53861293
22.15136306,77.84863696,2185.346933,406.5031945,fibroblast,16.74084425,83.25915563,124.3508667,440.009923,819.6080334,1828.08549,HFF_CCCP_7_198,FCCP,HFF,0.543125968
22.19945649,77.80054351,1931.449195,1454.340273,fibroblast,21.70946016,78.29053976,995.2441416,297.4796245,656.1077808,3299.71134,HFF_CCCP_3_230,FCCP,HFF,0.54506281
24.2458248,75.7541752,2226.290899,499.0173922,fibroblast,19.16175111,80.83824891,143.5973708,475.1368987,889.354995,2012.48173,HFF_CCCP_7_227,FCCP,HFF,0.545555214
24.05448307,75.94551688,2120.102235,566.2649044,fibroblast,21.73961591,78.26038393,182.9789939,414.8970943,815.8429592,2057.852715,HFF_CCCP_6_191,FCCP,HFF,0.558303285
14.28405259,85.7159478,1687.748216,1170.841355,fibroblast,21.48732739,78.51267258,718.5306861,117.7993077,346.1608759,2865.177786,HFF_CCCP_2_28,FCCP,HFF,0.566019946
23.68525395,76.31474606,2349.321925,489.6739409,fibroblast,18.52434629,81.47565383,152.5806973,506.9089219,929.6676633,1993.896977,HFF_CCCP_7_142,FCCP,HFF,0.57471625
22.48723393,77.51276607,2136.674688,534.9931226,fibroblast,20.35161473,79.6483853,183.4566136,397.2742167,779.5871553,1945.133121,HFF_CCCP_6_21,FCCP,HFF,0.579129223
24.26739404,75.73260596,2094.204966,1350.694385,fibroblast,22.9850463,77.01495374,808.5782992,326.4874325,747.621338,3237.348685,HFF_CCCP_8_57,FCCP,HFF,0.580085017
23.46275849,76.53724152,2233.807371,460.9950328,fibroblast,17.47254903,82.52745083,146.5784644,446.5665505,855.1734222,1954.682324,HFF_CCCP_7_14,FCCP,HFF,0.580217888
22.50412782,77.49587218,1975.961773,1431.235813,fibroblast,21.62250243,78.37749768,964.1272517,321.4994789,688.0643095,3351.628946,HFF_CCCP_3_178,FCCP,HFF,0.581601182
16.60845196,83.3915481,1734.275732,1288.898223,fibroblast,24.28250168,75.71749821,762.1099908,132.6734099,399.5503097,3025.368408,HFF_CCCP_2_113,FCCP,HFF,0.586747248
20.10885419,79.89114586,2849.282822,895.9820434,fibroblast,29.09434139,70.90565866,341.0266254,723.772357,1141.604909,2309.184034,HFF_CCCP_4_36,FCCP,HFF,0.587284509
21.80343736,78.19656263,2119.974564,1307.500914,fibroblast,21.06057003,78.93942999,874.1753542,334.3102973,719.0147391,3032.342092,HFF_CCCP_3_51,FCCP,HFF,0.588031105
23.02910423,76.97089577,2110.715528,1444.170875,fibroblast,21.50519102,78.49480899,950.5229894,324.3381479,726.8470268,3384.61042,HFF_CCCP_3_255,FCCP,HFF,0.589410789
14.24684359,85.75315708,1748.710523,1196.014363,fibroblast,20.45248867,79.54751133,756.6132832,140.4410588,374.1877624,2936.906057,HFF_CCCP_2_57,FCCP,HFF,0.589422415
23.14096382,76.85903617,2091.6983,1397.240282,fibroblast,21.12987487,78.87012514,908.4327161,367.0951646,755.4277759,3286.423508,HFF_CCCP_3_153,FCCP,HFF,0.589712392
19.67332635,80.32667368,2851.897712,843.3696836,fibroblast,28.1976334,71.8023666,319.9315848,725.8368842,1136.396454,2225.246316,HFF_CCCP_4_18,FCCP,HFF,0.590849948
19.64664569,80.35335431,2843.492487,829.4181407,fibroblast,26.9545278,73.04547222,334.2456276,729.8184345,1139.71002,2230.718371,HFF_CCCP_4_146,FCCP,HFF,0.592279564
24.66112742,75.33887258,2203.538402,556.8531453,fibroblast,19.50941104,80.49058919,192.0868034,422.0663118,850.8696638,2111.495786,HFF_CCCP_6_170,FCCP,HFF,0.59270597
21.42334705,78.57665295,2081.21187,1228.405134,fibroblast,20.97517523,79.02482478,768.0892967,335.5421282,704.1005634,3004.046808,HFF_CCCP_8_170,FCCP,HFF,0.593696146
22.98448271,77.01551729,2258.899279,500.3938013,fibroblast,18.84544824,81.15455179,164.2566966,477.6866,877.0747027,1954.327379,HFF_CCCP_7_85,FCCP,HFF,0.59763654
25.40732188,74.59267813,2118.6967,909.0181125,fibroblast,29.04447347,70.95552651,344.531225,376.1437561,811.2271118,2452.186031,HFF_CCCP_1_128,FCCP,HFF,0.598823376
24.73734021,75.26265988,2065.749331,1471.169144,fibroblast,21.16463278,78.83536737,1000.774734,346.8206674,765.8302033,3494.285635,HFF_CCCP_3_102,FCCP,HFF,0.60006669
22.28535742,77.71464256,2027.415395,1235.719409,fibroblast,21.61804617,78.38195385,765.0296128,337.1342721,708.5675211,2995.481528,HFF_CCCP_8_28,FCCP,HFF,0.602368036
23.64655826,76.35344173,2311.443229,483.590328,fibroblast,18.16007518,81.83992475,149.5628916,485.5480854,905.4636554,2006.024574,HFF_CCCP_7_128,FCCP,HFF,0.60281206
16.20497338,83.79502687,1717.518302,1281.60882,fibroblast,21.41784671,78.5821533,798.0603223,133.1421815,392.657216,3105.173278,HFF_CCCP_2_142,FCCP,HFF,0.603920547
22.13251497,77.86748502,2047.806667,807.3379086,fibroblast,25.91649772,74.08350227,343.3179379,357.5658255,724.6318043,2189.514506,HFF_CCCP_1_223,FCCP,HFF,0.60558522
22.94860678,77.05139323,2285.055525,506.2104261,fibroblast,18.73415501,81.26584503,158.868134,492.4043184,891.7224003,2114.053745,HFF_CCCP_7_42,FCCP,HFF,0.606784188
21.44124362,78.55875632,2193.747208,495.6602993,fibroblast,17.97776771,82.02223208,171.9703968,459.2176274,819.8282974,2058.24383,HFF_CCCP_7_113,FCCP,HFF,0.608590158
19.59605779,80.40394222,2860.28906,792.9635334,fibroblast,25.80240019,74.19759984,329.7096368,729.0503943,1140.908211,2193.946081,HFF_CCCP_4_182,FCCP,HFF,0.609046091
19.08103878,80.91896134,2927.367479,793.7539876,fibroblast,24.82348186,75.17651835,342.9515901,737.9920994,1141.865079,2237.732938,HFF_CCCP_4_128,FCCP,HFF,0.61137874
23.32807332,76.67192668,2075.365544,1253.014125,fibroblast,21.11132409,78.88867591,771.4639352,361.6111321,752.0478592,3090.640337,HFF_CCCP_8_227,FCCP,HFF,0.614558073
24.44177789,75.55822211,2392.458894,528.2993389,fibroblast,18.77470654,81.22529378,169.3802706,517.4061816,960.5391844,2082.676081,HFF_CCCP_7_255,FCCP,HFF,0.61891482
23.07568289,76.92431712,2235.319284,576.8803138,fibroblast,20.32695385,79.67304599,205.9670556,441.3266591,845.9767616,2058.813706,HFF_CCCP_6_42,FCCP,HFF,0.619436158
19.60045993,80.39954022,2776.219159,888.812032,fibroblast,26.85817697,73.14182296,381.326038,702.879053,1101.67408,2369.774344,HFF_CCCP_4_73,FCCP,HFF,0.622316233
19.60813255,80.39186743,3022.71456,833.5578765,fibroblast,26.50764255,73.49235744,336.1846283,793.4132248,1226.481383,2267.921337,HFF_CCCP_4_164,FCCP,HFF,0.622562426
22.10091818,77.89908182,2015.116713,1206.568316,fibroblast,21.26264262,78.73735746,741.2926416,348.5813024,711.6718455,3113.964065,HFF_CCCP_8_255,FCCP,HFF,0.624858545
23.59301585,76.40698421,2769.462632,681.8266464,fibroblast,15.44638116,84.55361711,329.8052658,702.4899342,1163.924821,3000.956184,HFF_CCCP_7_71,FCCP,HFF,0.625396233
24.16763285,75.83236715,2139.140126,1453.085137,fibroblast,21.68469763,78.31530236,960.4334893,361.140063,781.7443355,3342.093556,HFF_CCCP_3_76,FCCP,HFF,0.626811058
19.93929606,80.06070368,2990.0236,822.4983914,fibroblast,25.38751379,74.61248626,338.4424866,759.8989008,1193.087951,2392.484379,HFF_CCCP_4_200,FCCP,HFF,0.629023164
16.48132414,83.51867607,1789.686896,1247.240509,fibroblast,21.95657469,78.04342536,753.4522097,153.8283013,424.8310349,3059.312026,HFF_CCCP_2_227,FCCP,HFF,0.62963969
23.54716518,76.45283482,2131.292748,864.2578912,fibroblast,26.73373444,73.2662655,370.3950048,374.9928243,778.3106031,2353.043911,HFF_CCCP_1_191,FCCP,HFF,0.629775022
23.20697402,76.79302604,2337.612401,445.3322356,fibroblast,16.63872036,83.36127988,154.8799732,501.004323,916.613962,2050.087988,HFF_CCCP_7_184,FCCP,HFF,0.631178494
23.8057107,76.19428927,2198.415519,561.2043147,fibroblast,20.17374366,79.82625643,192.7979625,440.3090352,848.4546105,2053.302333,HFF_CCCP_6_212,FCCP,HFF,0.632504844
20.00643854,79.99356146,2886.047439,836.6839858,fibroblast,24.78617792,75.2138221,373.6125116,747.7816119,1172.748691,2317.635687,HFF_CCCP_4_237,FCCP,HFF,0.635175027
23.15542212,76.84457798,2235.346452,538.7023564,fibroblast,19.34042929,80.65957056,205.4409966,447.0108238,850.9507193,1958.745761,HFF_CCCP_6_85,FCCP,HFF,0.637363044
23.3887507,76.61124929,2359.762996,501.7743433,fibroblast,17.39354743,82.60645274,178.6965044,505.8641102,926.3392439,2074.552844,HFF_CCCP_7_28,FCCP,HFF,0.638667239
19.72865568,80.27134434,2892.64195,850.4319294,fibroblast,26.24574308,73.75425685,360.1093928,735.0868013,1156.398163,2282.682773,HFF_CCCP_4_55,FCCP,HFF,0.641058136
23.32142335,76.67857665,2446.453658,511.9006933,fibroblast,17.37470646,82.62529377,194.8596634,556.3020272,983.8833003,2049.756537,HFF_CCCP_7_99,FCCP,HFF,0.644797285
22.86338482,77.13661518,2406.23375,859.0327781,fibroblast,23.95261027,76.04739036,403.8789196,469.4788839,898.3558888,2456.08483,HFF_CCCP_1_255,FCCP,HFF,0.647335737
18.80611104,81.19388914,1826.597079,1280.401773,fibroblast,21.61045285,78.38954721,794.0062807,159.8727494,479.7317061,3111.265249,HFF_CCCP_2_85,FCCP,HFF,0.648917671
23.30161823,76.69838189,2189.914566,567.700226,fibroblast,19.52104932,80.47895094,212.1022257,415.9271283,815.5047261,2169.110264,HFF_CCCP_6_234,FCCP,HFF,0.648945502
18.30701952,81.6929807,1863.226678,1249.766435,fibroblast,22.12591177,77.8740883,761.4536256,178.1509074,488.8590414,3048.779886,HFF_CCCP_2_255,FCCP,HFF,0.652751636
24.61064801,75.38935199,2257.168716,1459.632435,fibroblast,21.90738094,78.09261907,943.7021547,402.8514127,849.6979145,3393.314337,HFF_CCCP_3_128,FCCP,HFF,0.653908715
21.45700921,78.54299079,2136.535549,1209.922194,fibroblast,20.88220488,79.117795,725.9617155,347.356621,722.853123,3174.526828,HFF_CCCP_8_198,FCCP,HFF,0.655373843
26.25316242,73.74683758,2241.924022,889.0254218,fibroblast,26.26107378,73.73892615,374.8338393,405.1638132,875.6840301,2411.167319,HFF_CCCP_1_159,FCCP,HFF,0.659907531
22.82062002,77.17937997,2212.1585,1195.365643,fibroblast,21.13245067,78.86754937,738.7177981,386.5600773,794.0059742,2973.285831,HFF_CCCP_8_113,FCCP,HFF,0.662019759
21.80344484,78.19655512,2558.599882,520.9513657,fibroblast,18.33278091,81.6672189,185.0147169,577.0002953,994.9077375,2021.227835,HFF_CCCP_7_156,FCCP,HFF,0.662439641
24.12033538,75.87966466,2203.661104,1214.283536,fibroblast,21.66958603,78.33041401,738.6755769,390.7046688,816.7789597,2985.688212,HFF_CCCP_8_85,FCCP,HFF,0.664620725
24.31548652,75.68451347,2296.253061,614.7870036,fibroblast,20.54420736,79.45579268,232.5787741,467.949538,901.4596224,2179.432509,HFF_CCCP_6_128,FCCP,HFF,0.670011343
24.35450185,75.64549816,2380.593216,611.8530373,fibroblast,20.07603249,79.92396752,227.5912394,491.8756129,936.6868776,2180.154558,HFF_CCCP_6_106,FCCP,HFF,0.670673364
20.96391806,79.03608194,2483.452639,662.0090843,fibroblast,18.15195883,81.84804167,263.7132194,552.6880833,945.2010117,2677.461111,HFF_CCCP_7_241,FCCP,HFF,0.680115769
23.21754271,76.78245729,2602.028621,522.0705772,fibroblast,17.13647932,82.86352069,205.5166021,596.782287,1047.333046,2097.77031,HFF_CCCP_7_57,FCCP,HFF,0.690298606
23.15339672,76.84660321,2703.407594,534.6160801,fibroblast,16.35115249,83.64884701,218.3511383,630.6204955,1093.858604,2210.996266,HFF_CCCP_7_212,FCCP,HFF,0.697033908
23.14462143,76.85537857,3117.230714,676.6890244,fibroblast,16.43301567,83.56698014,326.7955018,775.7220893,1275.429585,2821.259214,HFF_CCCP_6_64,FCCP,HFF,0.711251716
24.60329529,75.39670471,2317.831329,1275.616757,fibroblast,21.86293912,78.13706088,773.8066979,437.6021242,886.8690967,3167.681396,HFF_CCCP_8_142,FCCP,HFF,0.712788317
22.8487343,77.15126579,2276.765526,575.2164564,fibroblast,16.23459719,83.76540263,260.9432246,454.8758947,851.1216351,2342.908421,HFF_CCCP_6_255,FCCP,HFF,0.723818356
22.49327143,77.50672857,2580.084196,888.3991108,fibroblast,21.70862812,78.291372,460.9966982,577.8151348,1010.856386,2854.151188,HFF_CCCP_1_32,FCCP,HFF,0.729983079
19.74700112,80.25299888,2991.543708,913.5584568,fibroblast,26.14649449,73.85350544,442.5870966,752.3279551,1193.238623,2628.910573,HFF_CCCP_4_109,FCCP,HFF,0.739348363
23.87785942,76.12214058,2565.956812,918.3320696,fibroblast,25.49984034,74.50015978,450.2588203,559.7586812,1020.066608,3127.123449,HFF_CCCP_1_96,FCCP,HFF,0.742999561
20.8683075,79.1316925,3043.796,927.5532187,fibroblast,21.41836088,78.58164025,445.37814,786.9024,1246.595865,3596.14825,HFF_CCCP_4_91,FCCP,HFF,0.760759331
19.26275714,80.73724286,3033.219048,979.4294684,fibroblast,19.23044714,80.76955238,554.9091143,774.3700476,1212.895161,2979.918095,HFF_CCCP_4_255,FCCP,HFF,0.761837542
23.87242903,76.12757097,2494.091935,1339.63732,fibroblast,19.88517097,80.11482903,836.126,476.2307742,938.2657291,3333.29871,HFF_CCCP_3_204,FCCP,HFF,0.762124448
23.86349985,76.13650015,2265.729758,709.7481408,fibroblast,18.02489797,81.97510149,364.7626301,423.2076015,849.0100892,3193.280798,HFF_CCCP_5_23,FCCP,HFF,0.808218695
22.9601155,77.0398845,2403.969151,752.5179868,fibroblast,18.97954157,81.0204586,413.1877725,459.6431037,888.7709264,2617.224288,HFF_CCCP_5_162,FCCP,HFF,0.816935134
19.77905,80.22095,3210.029,735.230115,fibroblast,22.327379,77.67262534,332.285625,792.21475,1267.036645,4619.9765,HFF_CCCP_5_255,FCCP,HFF,0.817315549
19.96811622,80.03188378,3004.877027,828.4227505,fibroblast,19.47929351,80.52070541,436.9944622,832.9734054,1270.092544,2654.879649,HFF_CCCP_4_219,FCCP,HFF,0.821739353
23.85817111,76.14182891,2277.034892,794.3628188,fibroblast,17.84224085,82.15775944,407.3885344,420.0487795,848.8068684,3384.640524,HFF_CCCP_5_93,FCCP,HFF,0.825150532
26.08218,73.91782,3170.528,623.3241444,fibroblast,14.30242269,85.69758369,288.0028114,829.2892,1383.998577,4085.031514,HFF_CCCP_5_46,FCCP,HFF,0.8289427
23.50304745,76.49695255,2402.644261,726.6268461,fibroblast,18.32318613,81.67681374,375.1171397,475.4835878,913.2426958,3066.610403,HFF_CCCP_5_139,FCCP,HFF,0.829636373
22.79404474,77.20595526,3058.306316,641.46362,fibroblast,29.62411632,70.37588564,350.6738447,723.5963684,1230.560428,2303.761211,HFF_CCCP_5_70,FCCP,HFF,0.837506257
24.07559944,75.92440056,2476.701641,843.6676466,fibroblast,18.29868633,81.70131375,395.7554703,507.0128133,963.560259,4755.29123,HFF_CCCP_5_116,FCCP,HFF,0.838733021
22.73224347,77.26775653,2442.277839,708.2499862,fibroblast,18.89814944,81.10185047,387.6902437,467.4185744,905.5952854,2770.258015,HFF_CCCP_5_232,FCCP,HFF,0.841373782
22.92990259,77.07009741,2348.344519,720.9813741,fibroblast,17.27626979,82.72372999,394.9765252,431.8245856,858.5624547,2956.121485,HFF_CCCP_5_209,FCCP,HFF,0.857442558
22.77565422,77.22434578,2285.468072,831.7788677,fibroblast,19.6367538,80.36324702,429.1100193,431.2821723,841.8306893,3076.838867,HFF_CCCP_5_185,FCCP,HFF,0.865591334
24.71060628,75.28939377,1994.761508,843.1034182,fibroblast,29.06298565,70.93701438,304.6970919,332.6243677,738.0751766,2189.662697,HFF_Oligo_4_232,Oligo,HFF,0.540369119
23.79103238,76.20896761,2030.136949,738.7800086,fibroblast,24.69514105,75.30485894,297.2761138,317.0312528,715.7378957,2137.968913,HFF_Oligo_4_162,Oligo,HFF,0.545239434
13.69326306,86.30673724,1648.265912,768.7393934,fibroblast,26.2568946,73.74310543,310.0429084,110.7815418,326.173627,2116.084685,HFF_Oligo_8_85,Oligo,HFF,0.570001608
24.56990654,75.43009344,2011.133371,820.8753272,fibroblast,28.11388895,71.88611105,309.2999137,344.4771906,746.8180575,2167.415979,HFF_Oligo_4_185,Oligo,HFF,0.571933946
22.44748733,77.55251274,1961.362079,750.6866339,fibroblast,25.26773901,74.73226112,309.749698,326.2658007,687.8760939,2103.268617,HFF_Oligo_4_116,Oligo,HFF,0.575314835
23.35134892,76.64865106,2027.117526,774.379371,fibroblast,26.2940087,73.70599126,305.4952475,343.5316808,729.0991559,2144.429419,HFF_Oligo_4_209,Oligo,HFF,0.578003483
22.57902618,77.42097382,1785.149187,1628.753605,fibroblast,26.80068491,73.19931512,1220.367691,243.3642057,589.2427566,3210.692368,HFF_Oligo_1_85,Oligo,HFF,0.590319407
24.74546651,75.2545335,2050.65161,781.8584945,fibroblast,26.03682634,73.96317363,300.3472895,361.4782588,770.7451178,2188.148959,HFF_Oligo_4_255,Oligo,HFF,0.593154547
21.94292506,78.05707494,1834.585523,1709.787953,fibroblast,28.00118012,71.99881979,1290.04551,247.3657427,593.6262643,4564.948717,HFF_Oligo_1_170,Oligo,HFF,0.594387716
22.97320854,77.0267915,1914.148645,1234.021494,fibroblast,24.48194742,75.51805257,713.0370381,281.5711388,653.2021001,2936.991525,HFF_Oligo_6_28,Oligo,HFF,0.596350624
23.02594444,76.97405555,2142.513524,867.0261716,fibroblast,27.60065915,72.39934086,365.6045774,435.8139851,820.0349044,2227.949721,HFF_Oligo_3_153,Oligo,HFF,0.599907301
12.20281677,87.79718359,1624.217761,790.8277921,fibroblast,25.13671177,74.86328848,342.2526392,92.79841272,284.4245264,2170.753809,HFF_Oligo_2_55,Oligo,HFF,0.601115102
11.26360825,88.73639201,1645.354203,875.2887093,fibroblast,28.35870705,71.64129298,348.4381549,78.46458037,259.7175885,2265.563692,HFF_Oligo_2_18,Oligo,HFF,0.602269449
22.80268484,77.19731515,1955.480139,776.1051415,fibroblast,25.91998911,74.08001117,315.5715573,312.6250597,683.4399018,2145.190797,HFF_Oligo_4_70,Oligo,HFF,0.602329962
22.8480344,77.1519656,1886.891626,1620.640743,fibroblast,27.17037449,72.82962544,1209.580921,268.9344106,634.7553906,3144.843837,HFF_Oligo_1_227,Oligo,HFF,0.607603354
22.02142137,77.97857863,1974.665296,1136.317564,fibroblast,21.89134798,78.10865202,689.6814099,287.1169953,654.8531605,2781.568266,HFF_Oligo_6_113,Oligo,HFF,0.608093353
15.25538973,84.74461016,1655.156604,842.8347175,fibroblast,27.75911321,72.24088672,337.0439008,113.9173006,351.8837054,2207.461176,HFF_Oligo_8_198,Oligo,HFF,0.615831494
14.39268426,85.60731574,1686.029795,702.8262905,fibroblast,22.39927265,77.60072722,319.3901939,127.2130233,358.8144666,2087.86179,HFF_Oligo_8_255,Oligo,HFF,0.616899617
22.55397983,77.44602019,2229.882998,874.3283382,fibroblast,28.54595876,71.45404129,355.89124,480.1108119,864.7345059,2240.11895,HFF_Oligo_3_51,Oligo,HFF,0.61702961
22.05216844,77.94783156,1861.988562,1585.075428,fibroblast,26.8929449,73.10705511,1163.557385,257.3788777,607.4040652,3029.328801,HFF_Oligo_1_255,Oligo,HFF,0.617597897
22.64138128,77.3586187,2010.116245,806.0142436,fibroblast,25.62172073,74.37827922,334.5514936,330.9388802,703.9697983,2248.790792,HFF_Oligo_4_23,Oligo,HFF,0.618984977
22.48297855,77.5170214,1956.670092,1232.162241,fibroblast,24.23415726,75.76584273,714.87814,290.2458604,659.5610626,3049.461136,HFF_Oligo_6_14,Oligo,HFF,0.621444299
10.9829967,89.01700312,1654.915671,802.119903,fibroblast,25.20721717,74.79278278,347.8267649,79.36481704,256.8456534,2204.001046,HFF_Oligo_2_109,Oligo,HFF,0.622039768
22.10072392,77.89927615,2318.180318,798.5244023,fibroblast,25.52551769,74.47448236,338.4660014,457.6710998,855.2874008,2219.088866,HFF_Oligo_3_255,Oligo,HFF,0.622760297
22.24150016,77.75849979,1985.473892,1164.305057,fibroblast,22.46391851,77.53608146,694.4325241,295.6066448,666.491015,2853.170244,HFF_Oligo_6_255,Oligo,HFF,0.62519046
19.40295963,80.5970403,1826.475833,738.9912357,fibroblast,23.83456277,76.16543721,326.5257019,231.2103623,538.746205,2114.99532,HFF_Oligo_7_57,Oligo,HFF,0.62521833
15.33047939,84.66952029,1684.746413,775.4349489,fibroblast,24.77270749,75.22729238,324.0376843,128.9720943,370.742263,2221.440452,HFF_Oligo_8_28,Oligo,HFF,0.62660662
15.40784219,84.59215814,1695.126888,793.4017805,fibroblast,24.87156752,75.12843235,336.6582298,128.9930896,373.9000864,2245.469763,HFF_Oligo_8_170,Oligo,HFF,0.627373012
14.74474065,85.25525911,1708.403899,827.010686,fibroblast,25.97945332,74.02054655,341.4992919,116.8606802,353.839585,2283.587418,HFF_Oligo_8_57,Oligo,HFF,0.628394449
20.8811948,79.11880535,1877.214702,1065.248835,fibroblast,20.8599443,79.14005571,650.41018,268.0808295,603.466367,2720.535006,HFF_Oligo_6_184,Oligo,HFF,0.628526175
12.81210094,87.18789934,1712.280367,843.6619422,fibroblast,25.93064407,74.06935593,360.6770057,93.97605303,305.5289819,2313.342527,HFF_Oligo_2_182,Oligo,HFF,0.631883607
21.98068232,78.01931762,2179.571865,812.5813736,fibroblast,26.06841885,73.93158119,344.1263167,430.8440912,805.8425815,2211.625089,HFF_Oligo_3_204,Oligo,HFF,0.632585864
21.232817,78.76718305,1929.063826,1128.598103,fibroblast,21.56353268,78.43646731,677.481247,281.1260421,625.6743699,2818.768903,HFF_Oligo_6_227,Oligo,HFF,0.633946752
22.2947234,77.70527663,1890.218653,1255.169592,fibroblast,23.44901388,76.55098621,735.1628335,265.7745892,624.9410554,3052.87335,HFF_Oligo_6_170,Oligo,HFF,0.634304296
19.69435593,80.30564402,1820.562091,793.3436086,fibroblast,24.78246154,75.21753846,351.0641988,237.2486588,547.2606503,2346.220078,HFF_Oligo_7_113,Oligo,HFF,0.640118833
24.03980799,75.96019199,1988.780709,927.2321877,fibroblast,27.9514824,72.04851757,369.8941434,278.2120603,684.767,2466.017839,HFF_Oligo_7_198,Oligo,HFF,0.645207042
24.17679893,75.82320111,2326.659544,849.3735615,fibroblast,26.15642183,73.84357828,356.2608282,487.6941717,919.6272149,2303.751057,HFF_Oligo_3_102,Oligo,HFF,0.651134803
12.69362311,87.30637708,1662.492147,840.4556195,fibroblast,25.49631054,74.50368942,362.9422439,91.30565801,295.1208001,2344.092564,HFF_Oligo_2_164,Oligo,HFF,0.652271182
16.60848039,83.39151968,1737.042496,862.1868327,fibroblast,26.15258325,73.84741674,359.9907513,132.3744698,400.4416307,2362.708958,HFF_Oligo_8_142,Oligo,HFF,0.653038714
23.85431211,76.14568801,2023.071889,1199.522759,fibroblast,22.61536587,77.38463428,705.1847095,302.9904151,707.7814837,2937.901492,HFF_Oligo_6_142,Oligo,HFF,0.65549018
23.69718214,76.30281785,2387.073108,857.5716604,fibroblast,26.18933918,73.81066074,362.5752785,513.9879632,944.9656531,2321.229399,HFF_Oligo_3_128,Oligo,HFF,0.655770731
22.8550156,77.1449844,2394.933749,864.1656288,fibroblast,25.14065291,74.85934716,368.8985327,506.5279358,924.4110789,2745.938717,HFF_Oligo_3_26,Oligo,HFF,0.657361623
13.28908466,86.71091462,1719.645623,858.7495666,fibroblast,25.21969711,74.78030289,363.5452818,105.5446746,323.1440644,2518.376715,HFF_Oligo_2_237,Oligo,HFF,0.659093221
22.45128477,77.54871534,1964.938692,1541.323722,fibroblast,26.56277005,73.43723006,1070.037422,271.9422955,644.963453,3077.488271,HFF_Oligo_1_57,Oligo,HFF,0.662278148
24.23949602,75.76050394,1990.241572,752.7670915,fibroblast,23.43707625,76.56292371,317.7554606,289.2667,695.8576065,2255.649235,HFF_Oligo_7_170,Oligo,HFF,0.663307396
19.9512072,80.04879278,1884.903009,755.2428667,fibroblast,23.48038899,76.51961102,346.6633306,248.7346937,573.0462921,2149.179783,HFF_Oligo_7_85,Oligo,HFF,0.665249864
23.55270752,76.44729244,2320.583878,801.4665484,fibroblast,24.85405119,75.14594878,334.1543976,492.4126244,911.2582553,2315.811551,HFF_Oligo_3_230,Oligo,HFF,0.665996045
24.370066,75.629934,2123.649689,826.2379603,fibroblast,24.74744144,75.25255867,359.7107833,375.17688,792.3065947,2375.855822,HFF_Oligo_4_46,Oligo,HFF,0.667262339
21.42178114,78.57821876,1962.208425,805.2187729,fibroblast,23.77543171,76.22456828,359.1131473,266.7040331,626.0588662,2355.177285,HFF_Oligo_7_255,Oligo,HFF,0.669083491
22.71727264,77.28272735,2033.197425,1209.616616,fibroblast,22.16399213,77.83600803,726.615449,299.5287901,687.4581474,2996.525652,HFF_Oligo_6_57,Oligo,HFF,0.670079911
23.21598509,76.78401491,2091.221418,1093.012963,fibroblast,25.04579037,74.95420954,582.3567115,352.6874621,747.7318035,2711.30701,HFF_Oligo_5_116,Oligo,HFF,0.67104455
13.38341608,86.61658447,1693.325515,841.592176,fibroblast,25.70162677,74.29837323,361.7697501,106.5400863,322.1874262,2497.075587,HFF_Oligo_2_219,Oligo,HFF,0.67504187
17.30827276,82.69172746,1781.509629,815.8160856,fibroblast,24.58645197,75.41354808,344.2461834,145.8995585,430.3909341,2363.70754,HFF_Oligo_8_113,Oligo,HFF,0.675359724
13.01083803,86.98916167,1677.403021,849.3145865,fibroblast,24.6877427,75.31225724,378.9378753,92.48482453,302.465434,2380.935637,HFF_Oligo_2_128,Oligo,HFF,0.676517446
24.27002146,75.72997871,2078.862542,1240.576322,fibroblast,23.42441758,76.57558241,715.5161998,330.1166379,747.6398153,3092.18952,HFF_Oligo_6_156,Oligo,HFF,0.679100093
22.06064459,77.93935543,2057.565059,954.8678779,fibroblast,23.81207755,76.18792243,515.2716328,345.4407384,718.8543116,2485.555578,HFF_Oligo_5_23,Oligo,HFF,0.680053458
24.60343683,75.39656319,2037.929229,1606.761104,fibroblast,25.65352289,74.34647706,1133.757592,311.542548,728.5752043,3262.508088,HFF_Oligo_1_113,Oligo,HFF,0.684881028
23.23698087,76.76301926,1983.776566,1107.878232,fibroblast,21.62984563,78.3701543,655.6644405,304.1203559,690.7105338,2850.207524,HFF_Oligo_6_99,Oligo,HFF,0.685722297
22.53537643,77.46462353,2053.656714,1175.858939,fibroblast,22.82772993,77.17227015,688.7896803,303.596552,691.1148864,2914.339507,HFF_Oligo_6_212,Oligo,HFF,0.685766818
23.46938921,76.53061077,2105.600183,989.6259256,fibroblast,23.53898602,76.46101394,529.3889688,367.6901422,763.8558522,2609.200227,HFF_Oligo_5_46,Oligo,HFF,0.685895164
12.91184911,87.08814984,1701.887683,827.325664,fibroblast,24.37335171,75.62664841,381.5350959,110.3043594,319.6410723,2363.229419,HFF_Oligo_2_36,Oligo,HFF,0.686475983
14.15849722,85.84150286,1732.735477,878.9545886,fibroblast,25.12184889,74.87815106,394.8455959,102.7645951,336.7788762,2395.418949,HFF_Oligo_2_200,Oligo,HFF,0.687444628
23.21573743,76.78426257,2136.644299,1095.82814,fibroblast,24.88277818,75.11722185,583.3978384,375.189485,774.1976439,2951.851557,HFF_Oligo_5_232,Oligo,HFF,0.688167375
23.52309709,76.47690287,2014.602676,844.310683,fibroblast,23.74394909,76.25605089,378.1242293,292.8337151,692.0047721,2441.341887,HFF_Oligo_7_142,Oligo,HFF,0.689733255
14.36007858,85.63992208,1735.254028,789.1977502,fibroblast,24.67577775,75.32422234,341.6308165,120.2239034,358.3054863,2252.688736,HFF_Oligo_2_91,Oligo,HFF,0.691324669
23.31091832,76.68908167,2118.705154,1052.355947,fibroblast,23.74877597,76.25122389,574.5117892,371.9385276,770.5238604,2737.260974,HFF_Oligo_5_185,Oligo,HFF,0.694729833
24.11051701,75.88948294,2095.041706,1204.315045,fibroblast,22.81797835,77.18202175,705.8462538,341.6429779,755.1800599,2996.87556,HFF_Oligo_6_198,Oligo,HFF,0.695130215
24.15514238,75.84485763,2459.25994,889.1686639,fibroblast,24.82590236,75.17409764,403.9445998,517.0823753,968.4372767,2457.997855,HFF_Oligo_3_76,Oligo,HFF,0.695755473
18.16239197,81.83760809,1796.753526,912.5083295,fibroblast,24.58745659,75.41254324,452.3017064,176.4820214,472.0142103,2467.576104,HFF_Oligo_8_227,Oligo,HFF,0.696564242
23.32204873,76.67795127,1968.183163,1542.160946,fibroblast,24.33270693,75.66729319,1056.5931,283.070898,670.1996562,3254.591783,HFF_Oligo_1_142,Oligo,HFF,0.698355346
21.92861498,78.07138501,1978.496782,1496.811088,fibroblast,24.62129295,75.378707,1019.302607,285.3972267,650.5087908,3178.44115,HFF_Oligo_1_28,Oligo,HFF,0.700614172
23.33940415,76.66059589,2103.941055,1172.554765,fibroblast,21.57798303,78.422017,702.2363773,336.2584821,741.8848167,2968.929653,HFF_Oligo_6_241,Oligo,HFF,0.704736967
14.53130721,85.46869258,1797.036324,863.4643907,fibroblast,23.84411815,76.15588184,407.5709913,122.0497362,368.7476474,2401.008438,HFF_Oligo_2_146,Oligo,HFF,0.708793852
13.53759896,86.46240102,1698.37154,833.61305,fibroblast,23.22058366,76.7794163,388.5979763,105.8697658,325.7829718,2508.89011,HFF_Oligo_2_73,Oligo,HFF,0.713835774
24.21193272,75.78806725,2186.886716,1037.500144,fibroblast,23.4336337,76.56636632,558.2650501,393.5609917,815.1683352,2710.118334,HFF_Oligo_5_162,Oligo,HFF,0.71957748
23.6371127,76.3628873,1997.930539,1210.719931,fibroblast,22.79661305,77.20338688,708.4430248,324.7709236,711.2751934,3020.746512,HFF_Oligo_6_42,Oligo,HFF,0.721579263
23.6830164,76.31698368,2087.131252,838.8162809,fibroblast,22.55316919,77.44683089,386.797068,306.7902352,721.4091093,2494.429725,HFF_Oligo_7_227,Oligo,HFF,0.72368308
19.67428519,80.32571481,2268.035556,707.9177655,fibroblast,22.88392333,77.11607778,370.4662519,419.7942222,779.0656416,1884.205704,HFF_Oligo_4_139,Oligo,HFF,0.724244006
23.28396071,76.71603929,2889.252143,838.8308238,fibroblast,15.98040179,84.0196,488.1059893,614.3389643,1124.657924,2943.867143,HFF_Oligo_4_93,Oligo,HFF,0.731156327
24.48059142,75.51940858,2338.528775,1037.38534,fibroblast,23.88117707,76.11882319,550.76281,450.1925784,897.0041473,2803.700904,HFF_Oligo_5_139,Oligo,HFF,0.733721201
23.62762885,76.37237115,2208.080059,1086.347929,fibroblast,23.43201388,76.56798624,594.1517411,403.9596568,815.2197715,2887.887052,HFF_Oligo_5_70,Oligo,HFF,0.737414875
24.53809891,75.46190109,2266.789755,1046.788496,fibroblast,22.27233782,77.72766232,572.4632812,426.5021199,863.4247665,2865.104136,HFF_Oligo_5_93,Oligo,HFF,0.741871169
23.93063966,76.06936034,2316.845243,1000.28296,fibroblast,21.54657518,78.45342486,561.1586235,444.2094908,878.9567978,2694.586408,HFF_Oligo_5_209,Oligo,HFF,0.763855896
22.56210847,77.43789153,2501.761525,932.2842022,fibroblast,21.85611814,78.14388051,485.1761305,412.2061356,873.6384308,2721.226763,HFF_Oligo_7_28,Oligo,HFF,0.786651104
18.18558806,81.8144129,2397.834194,968.7785436,fibroblast,19.17342252,80.82657742,582.0600645,433.7446032,803.1354792,2839.722129,HFF_Oligo_6_85,Oligo,HFF,0.793313606
26.02122537,73.97877463,2686.474776,977.4835911,fibroblast,22.90705522,77.09294545,495.6216985,595.9966269,1111.61557,3718.606134,HFF_Oligo_5_255,Oligo,HFF,0.796697118
16.0166987,83.98330435,1974.580435,909.3438478,fibroblast,16.89634071,83.10366087,493.1919565,197.148113,492.1096874,2913.612957,HFF_Oligo_2_255,Oligo,HFF,0.809107172
18.88941429,81.11058571,2787.384286,906.3950379,fibroblast,23.50215714,76.49784286,475.03,685.2368571,1082.484672,2365.1,HFF_Oligo_6_71,Oligo,HFF,0.835473329
22.69972,77.30028,2665.944571,1342.863728,fibroblast,20.30261165,79.69738743,660.1662,609.3756,1062.205716,6742.521714,HFF_Oligo_6_128,Oligo,HFF,0.839631525
20.715275,79.284725,3291.189167,1125.675644,fibroblast,19.73403998,80.26595833,618.9406875,744.5641667,1266.33456,3076.674708,HFF_Oligo_3_178,Oligo,HFF,0.84552365
23.13046429,76.86953571,2259.802619,1187.994126,fibroblast,18.31156056,81.68844048,780.005381,390.659119,812.477531,2982.045238,HFF_Oligo_1_198,Oligo,HFF,0.852352305
