mito_area,mito_intensity_sum,mito_intensity_avg,nuclei_area,nuclei_intensity_sum,nuclei_intensity_avg,Delta Psi 1,cell_area,mito_content,cell_line,treatment,cell_id,cell_mito_count,cell_total_mito_area_(pixels_squared),cell_network_orientation_(degrees),cell_network_major_axis_(pixels),cell_network_minor_axis_(pixels),cell_network_eccentricity,cell_network_effective_extent,cell_network_effective_solidity,cell_network_fractal_dimension,cell_type
859,4783,5.568102444703143,592,549,0.9273648648648648,-110.23644467683675,3496,0.2457093821510297,IMR90,FCCP,IMR90_FCCP_A1_N8_3,9,150.25,40.98797594385023,50.54690856432835,23.42044465833945,0.8861801793468954,0.0844101123595505,0.1723050458715596,0.8040977044302373,fibroblast
874,5157,5.9004576659038905,594,1066,1.7946127946127943,-73.19979893148513,2636,0.3315629742033384,IMR90,FCCP,IMR90_FCCP_A1_N8_2,6,175.0,26.08213654885657,56.97133542271942,15.701367995986336,0.9612720647901052,0.1127940702545923,0.2545454545454545,0.8739956943071716,fibroblast
1826,11994,6.568455640744797,757,1440,1.90224570673712,-76.21348161161804,5360,0.3406716417910447,IMR90,FCCP,IMR90_FCCP_A1_N8_1,12,409.75,33.56214226357551,80.07678049454678,21.18192860025713,0.9643801359207812,0.1238851095993953,0.3102403937156918,0.9485766574017171,fibroblast
210,1290,6.142857142857143,357,233,0.6526610644257703,-137.88221863340956,1295,0.1621621621621621,IMR90,FCCP,IMR90_FCCP_A1_N8_4,2,31.25,47.16428442355043,38.752440886632506,9.098181652226392,0.972049259159055,0.0391849529780564,0.1182592242194891,0.8941392733841466,fibroblast
319,1362,4.269592476489028,952,686,0.7205882352941176,-109.42115614589072,2971,0.1073712554695388,IMR90,FCCP,IMR90_FCCP_A1_N8_5,3,28.0,42.40936049624882,38.27686490866741,21.62511443759487,0.8251144147090422,0.0273504273504273,0.043613707165109,0.7193113473168385,fibroblast
373,1499,4.018766756032171,465,267,0.5741935483870968,-119.66447527722217,2984,0.125,IMR90,FCCP,IMR90_FCCP_A1_N2_7,3,38.5,10.948770528611108,45.76675861038186,16.30992886086468,0.934344674087627,0.0465819721718088,0.0667244367417677,0.7541922441242722,fibroblast
533,3156,5.921200750469043,696,408,0.5862068965517241,-142.22623723940598,3936,0.1354166666666666,IMR90,FCCP,IMR90_FCCP_A1_N2_2,4,80.5,-1.5597888181868915,82.88025778308231,12.65931456140411,0.9882660645057264,0.077125748502994,0.1014812480302552,0.8916923469725502,fibroblast
1309,8332,6.365164247517189,923,970,1.0509209100758397,-110.77215176779777,8820,0.1484126984126984,IMR90,FCCP,IMR90_FCCP_A1_N2_3,10,196.0,0.3737961360686987,71.03927317384212,32.003961799466246,0.8927709636761958,0.0795131845841785,0.1123853211009174,0.8840166254335062,fibroblast
817,9457,11.575275397796815,544,587,1.0790441176470589,-145.92694287977636,4969,0.1644194002817468,IMR90,FCCP,IMR90_FCCP_A1_N2_5,6,168.5,9.233376835529317,66.5521939914271,14.105865871338278,0.9772800928843935,0.138001638001638,0.2300341296928327,1.0952307146996778,fibroblast
766,4790,6.253263707571802,754,459,0.6087533156498673,-143.2609092346245,4594,0.1667392250761863,IMR90,FCCP,IMR90_FCCP_A1_N2_4,5,108.5,-5.941588398193379,91.81338943782382,16.921779880126177,0.9828688685388366,0.0575291622481442,0.0936960276338514,0.8954348990243426,fibroblast
664,3561,5.362951807228916,1270,581,0.4574803149606299,-151.3844613187273,6604,0.1005451241671714,IMR90,FCCP,IMR90_FCCP_A1_N2_1,11,91.0,1.7401920374349684,60.07776611601668,24.80252677272034,0.9108034006645755,0.056,0.0809428507894151,0.8336009301361855,fibroblast
260,1139,4.380769230769231,444,237,0.5337837837837838,-129.456808354318,2321,0.1120206807410598,IMR90,FCCP,IMR90_FCCP_A1_N2_6,4,27.5,19.762490695920988,41.53938504681884,14.63098635548824,0.9359173790014998,0.035818951481602,0.0593952483801295,0.7765626354579888,fibroblast
995,5802,5.831155778894472,847,1517,1.7910271546635184,-72.59619548381613,3097,0.3212786567646109,IMR90,FCCP,IMR90_FCCP_A1_N5_22,6,189.75,24.86637485123545,45.56253594334387,22.618787496801325,0.8680745250773014,0.1646063760572544,0.2449177153920619,0.9406709343596888,fibroblast
647,4371,6.755795981452859,426,663,1.556338028169014,-90.2860071214242,2137,0.3027608797379504,IMR90,FCCP,IMR90_FCCP_A1_N5_2,4,139.0,58.21368092931541,39.53986800343174,20.46963485859098,0.8555645877375132,0.1295433364398881,0.2374039282664389,1.020034652440352,fibroblast
770,4004,5.2,581,538,0.9259896729776248,-106.12137557006676,3347,0.2300567672542575,IMR90,FCCP,IMR90_FCCP_A1_N5_13,9,146.5,-55.62475239786654,34.07670245598338,30.39719355746292,0.4519905176551343,0.136660447761194,0.1824408468244084,0.8191481811452033,fibroblast
565,3651,6.461946902654868,702,792,1.1282051282051282,-107.33611375731574,2217,0.2548488949030221,IMR90,FCCP,IMR90_FCCP_A1_N5_7,3,112.0,29.344653772152977,45.83495261718081,16.331957768934593,0.9343635907992248,0.0958288770053475,0.1970963484381874,0.9801203640866258,fibroblast
1002,7432,7.417165668662674,409,538,1.315403422982885,-106.37369607588772,3236,0.3096415327564895,IMR90,FCCP,IMR90_FCCP_A1_N5_16,9,222.5,82.35982567641736,46.05172431374994,22.01025352970644,0.8783890293485408,0.2058279370952821,0.2818239392020266,1.002530375298537,fibroblast
770,7434,9.654545454545454,500,968,1.936,-98.8184981000376,2233,0.3448275862068966,IMR90,FCCP,IMR90_FCCP_A1_N5_20,4,183.0,42.71334771092162,49.34509643717729,13.634379831954591,0.961069517726432,0.1386363636363636,0.3676544450025113,1.1988555210241796,fibroblast
766,6341,8.278067885117494,588,927,1.576530612244898,-101.99055304197104,2691,0.2846525455221107,IMR90,FCCP,IMR90_FCCP_A1_N5_15,3,156.0,38.21191660748516,46.98694878072397,21.45801871121761,0.8896308275871332,0.1044176706827309,0.2195636875439831,0.9905003450253368,fibroblast
558,3408,6.10752688172043,397,480,1.2090680100755669,-99.60983429471868,1926,0.2897196261682243,IMR90,FCCP,IMR90_FCCP_A1_N5_19,3,116.5,59.23058236840661,39.200721336707886,15.029482513349842,0.9235831789409034,0.1350724637681159,0.2550629447181171,0.942086253239962,fibroblast
603,4060,6.733001658374793,579,691,1.1934369602763386,-106.40629814494596,2668,0.2260119940029985,IMR90,FCCP,IMR90_FCCP_A1_N5_21,6,111.75,41.374669275359565,42.96911474894858,18.37026309937576,0.9040047108201642,0.0981554677206851,0.1825980392156862,0.9197951452329948,fibroblast
419,2177,5.195704057279237,433,394,0.9099307159353348,-107.1464660410434,1740,0.2408045977011494,IMR90,FCCP,IMR90_FCCP_A1_N5_17,5,76.75,44.94074811236008,37.955991580129904,14.185789833194388,0.9275322623150478,0.0945197044334975,0.1858353510895883,0.8227692946099407,fibroblast
456,2102,4.609649122807017,556,426,0.7661870503597122,-110.36056242907893,1970,0.2314720812182741,IMR90,FCCP,IMR90_FCCP_A1_N5_18,5,94.5,42.44260754970631,36.02821111959613,17.236564658994833,0.8781319305220122,0.1086206896551724,0.2037735849056604,0.8749835522290883,fibroblast
507,3428,6.761341222879684,592,710,1.1993243243243243,-106.3619708699706,1876,0.2702558635394456,IMR90,FCCP,IMR90_FCCP_A1_N5_14,3,105.75,2.359617257126212,32.873222861262974,17.680525671678694,0.8430471000667583,0.1888392857142857,0.2340896513558384,0.97400548225545,fibroblast
1418,14439,10.18265162200282,643,1307,2.032659409020218,-99.09743838179143,5738,0.2471244336005577,IMR90,FCCP,IMR90_FCCP_A1_N4_5,5,325.0,47.16871130205086,76.10496570125456,19.75730745315018,0.9657146125951216,0.0978620897320084,0.2865329512893982,1.1260730911769945,fibroblast
222,1059,4.77027027027027,394,157,0.398477157360406,-152.67424616224332,1368,0.1622807017543859,IMR90,FCCP,IMR90_FCCP_A1_N4_2,4,43.0,23.068116449566304,45.75115953853622,8.499508121441375,0.9825919535776272,0.0517916290274013,0.1427385892116182,0.941952939091157,fibroblast
735,3814,5.189115646258504,774,621,0.8023255813953488,-114.80845083413224,4260,0.1725352112676056,IMR90,FCCP,IMR90_FCCP_A1_N4_4,9,92.0,50.953172609436,65.60057588133886,19.41651042851045,0.95519389160266,0.0388841927303465,0.0954109411459683,0.8251540557050755,fibroblast
342,1987,5.809941520467836,477,226,0.4737945492662473,-154.15294782197392,1982,0.17255297679112,IMR90,FCCP,IMR90_FCCP_A1_N4_1,6,55.25,13.96045337481927,39.63543210320076,13.22865848340217,0.9426586492785924,0.0904995904995904,0.1360837438423645,0.898555522783961,fibroblast
600,3051,5.085,755,578,0.7655629139072848,-116.446492969746,3412,0.1758499413833528,IMR90,FCCP,IMR90_FCCP_A1_N4_6,10,99.5,38.04309372963375,40.455791045538135,21.9336653649649,0.8402728217962573,0.0862405200433369,0.1460550458715596,0.8753904567641629,fibroblast
539,3032,5.625231910946197,901,414,0.4594894561598224,-154.05143976763176,3537,0.1523890302516256,IMR90,FCCP,IMR90_FCCP_A1_N4_3,5,92.0,41.6257120757135,81.68227270051368,13.37338542260266,0.9865061091904858,0.0269794721407624,0.1129180730285363,0.9456586793272016,fibroblast
353,1422,4.028328611898017,569,294,0.5166959578207382,-126.29961154337862,2523,0.1399128022195798,IMR90,FCCP,IMR90_FCCP_A1_N3_4,4,59.25,-75.3165732257295,38.9574421424319,18.739674620058207,0.8767044691315201,0.0688953488372093,0.1080711354309165,0.7851494771023206,fibroblast
286,1467,5.129370629370629,541,294,0.5434380776340111,-138.05658244810215,2461,0.1162129215765948,IMR90,FCCP,IMR90_FCCP_A1_N3_1,4,34.75,-59.186426312380455,38.53209152203512,14.952135804660942,0.9216409702230304,0.0402199074074074,0.0775669642857142,0.8607145904670199,fibroblast
513,3002,5.851851851851852,744,425,0.571236559139785,-143.09266702527572,3564,0.1439393939393939,IMR90,FCCP,IMR90_FCCP_A1_N3_2,6,72.5,-77.36612002199605,76.77295403532682,14.697569236654688,0.9815039244966808,0.0405310971348707,0.0851438637698179,0.8625691068885053,fibroblast
410,1404,3.424390243902439,418,200,0.4784688995215311,-121.03738068814354,2803,0.1462718515875847,IMR90,FCCP,IMR90_FCCP_A1_N3_5,3,14.25,-84.4727881503593,42.48738278132137,17.012797329299033,0.9163317263539544,0.0188492063492063,0.0252996005326231,0.6659109651584174,fibroblast
312,1432,4.589743589743589,773,295,0.3816300129366106,-152.9583628954607,3179,0.0981440704624095,IMR90,FCCP,IMR90_FCCP_A1_N3_3,7,48.5,-69.17214871331286,53.079018036094816,17.136702623292354,0.9464492349477563,0.035453216374269,0.0715075562108367,0.8299588267416946,fibroblast
726,4529,6.238292011019284,997,867,0.8696088264794383,-121.18072064763192,3869,0.1876453864047557,IMR90,FCCP,IMR90_FCCP_A1_N10_4,8,94.0,-24.392228318523653,37.46816840575332,30.42734964002381,0.5835387118725269,0.0817569036747118,0.1071835803876852,0.8503958824887904,fibroblast
581,2696,4.640275387263339,825,617,0.7478787878787879,-112.25521677298912,4146,0.1401350699469368,IMR90,FCCP,IMR90_FCCP_A1_N10_3,9,77.5,16.867520987573,43.36316251593897,27.311368148925308,0.776733993160693,0.0615079365079365,0.0848153214774281,0.7953879668964099,fibroblast
682,3894,5.709677419354839,1020,537,0.5264705882352941,-146.5989239012753,4739,0.1439122177674615,IMR90,FCCP,IMR90_FCCP_A1_N10_2,10,104.25,35.547417201229685,51.28201672702583,25.991845429272708,0.8620393661819358,0.0598621877691645,0.1028360049321824,0.8759479995487662,fibroblast
896,3944,4.401785714285714,830,614,0.7397590361445783,-109.68162613655244,5940,0.1508417508417508,IMR90,FCCP,IMR90_FCCP_A1_N10_5,16,105.25,10.699987700206576,56.90548448963756,30.380347069874592,0.8455641719973754,0.0574665574665574,0.0779629629629629,0.7820223210926515,fibroblast
572,2296,4.013986013986014,881,520,0.5902383654937571,-117.89633519585249,4638,0.1233290211297973,IMR90,FCCP,IMR90_FCCP_A1_N10_1,5,74.0,38.81501092790254,54.04896813173834,26.322629351896875,0.8733939030690201,0.0384665367121507,0.0679678530424799,0.7602507270005666,fibroblast
727,4064,5.59009628610729,987,1032,1.0455927051671732,-103.09937521468149,3797,0.1914669475902028,IMR90,FCCP,IMR90_FCCP_A1_N7_3,10,108.5,51.34302356533383,54.98315447258286,21.937871114589875,0.9169541507081432,0.0588714053174172,0.1186116425252801,0.8768560638269483,fibroblast
715,3420,4.783216783216783,969,791,0.8163054695562435,-108.73691578637396,5031,0.1421188630490956,IMR90,FCCP,IMR90_FCCP_A1_N7_4,7,98.75,50.23132863215347,50.92231428436406,27.686022062221525,0.8392852377478036,0.0518781192540057,0.0934468890466051,0.8285403370735962,fibroblast
1325,6280,4.739622641509434,1102,1268,1.1506352087114338,-87.06206760909303,7228,0.1833148865522966,IMR90,FCCP,IMR90_FCCP_A1_N7_6,16,221.0,51.3180529674073,75.64065993562228,30.09591101736782,0.9174374368047296,0.0627083776690076,0.1288441918087742,0.8115179250821679,fibroblast
1289,6618,5.134212567882079,1470,1493,1.0156462585034014,-99.65468411822164,5726,0.2251135172895564,IMR90,FCCP,IMR90_FCCP_A1_N7_7,9,197.75,51.13213319581847,49.12814784658898,36.859236138977145,0.6611347693073629,0.0976663785652549,0.1432452010141253,0.8387522476104955,fibroblast
565,2897,5.127433628318584,660,693,1.05,-97.52762880088883,2675,0.211214953271028,IMR90,FCCP,IMR90_FCCP_A1_N7_5,5,70.25,81.23403045030432,37.86757113508841,20.912907071860147,0.833669095183698,0.0821637426900584,0.1149284253578732,0.8227385183305572,fibroblast
239,1466,6.133891213389122,1211,355,0.2931461601981833,-187.0161670024549,3323,0.0719229611796569,IMR90,FCCP,IMR90_FCCP_A1_N9_5,2,45.25,-79.210116374064,41.1846497739112,9.945022531717262,0.970407286911138,0.0848968105065666,0.1459677419354838,0.9605085582846572,fibroblast
1141,4832,4.234881682734444,837,399,0.4767025089605735,-134.3294096661595,8396,0.1358980466888995,IMR90,FCCP,IMR90_FCCP_A1_N9_6,8,175.0,-56.93711634133751,87.19400601396957,29.068836374542137,0.9427921410572988,0.0392839104326842,0.0920084121976866,0.8404839487234457,fibroblast
254,2892,11.385826771653544,654,439,0.6712538226299695,-174.10510116049198,3147,0.0807117890054019,IMR90,FCCP,IMR90_FCCP_A1_N9_3,6,50.25,-86.42199337965798,27.336569621024484,20.50085615830211,0.661502987943717,0.0966346153846153,0.118235294117647,1.0639833913300003,fibroblast
281,1489,5.298932384341637,614,247,0.4022801302931596,-158.55388522446987,3069,0.0915607689801238,IMR90,FCCP,IMR90_FCCP_A1_N9_2,4,44.75,88.12737433937635,37.81433986960271,16.56624657086409,0.8989290231031762,0.0645743145743145,0.0980821917808219,0.86804417002,fibroblast
530,3081,5.813207547169811,752,427,0.5678191489361702,-143.0542153704605,3575,0.1482517482517482,IMR90,FCCP,IMR90_FCCP_A1_N9_1,4,74.75,86.87974384060443,53.274919814919215,17.648889239094622,0.9435326636658165,0.0761977573904179,0.102152374444824,0.8550090719750745,fibroblast
269,1445,5.371747211895911,481,151,0.3139293139293139,-174.6440502354851,2775,0.0969369369369369,IMR90,FCCP,IMR90_FCCP_A1_N9_4,3,35.0,-73.03384222852702,45.1859270027776,16.450215468496857,0.931376994538526,0.0361757105943152,0.0628084342754598,0.9301483598436788,fibroblast
2744,25110,9.150874635568512,931,2279,2.447905477980666,-81.0949277472401,8216,0.3339824732229795,IMR90,FCCP,IMR90_FCCP_A1_N6_2,12,598.5,-47.22399256922085,105.3941608331794,28.28094505297197,0.9633256526110892,0.0955078592515758,0.2818128310771042,1.0646996206268942,fibroblast
574,4406,7.67595818815331,645,1032,1.6,-96.43750436051468,2208,0.259963768115942,IMR90,FCCP,IMR90_FCCP_A1_N6_5,2,108.5,-13.53020345573352,43.372883024737085,14.46179694765679,0.9427750503061147,0.1476190476190476,0.2252205500778412,1.0846350400467246,fibroblast
1564,11198,7.159846547314578,1649,2230,1.3523347483323227,-102.49934442490452,6092,0.2567301378857518,IMR90,FCCP,IMR90_FCCP_A1_N6_1,6,318.0,-50.043704757496144,57.143773061658,33.03590755958356,0.8159523808848902,0.1442176870748299,0.2168058633032214,0.9814737897160302,fibroblast
852,5051,5.928403755868545,421,523,1.2422802850356294,-96.11259146325602,3341,0.2550134690212511,IMR90,FCCP,IMR90_FCCP_A1_N6_6,4,159.75,68.84402667767503,41.541149726996935,23.858648003922,0.8186184807479951,0.1401315789473684,0.2076023391812865,0.924092236111662,fibroblast
807,5297,6.563816604708798,675,1008,1.4933333333333334,-91.05453074422132,2971,0.2716257152473914,IMR90,FCCP,IMR90_FCCP_A1_N6_4,8,155.75,-82.77004500965317,35.882595677855875,24.535675052045267,0.7296915253135489,0.1711538461538461,0.2346516007532956,0.9655613711383432,fibroblast
1050,6235,5.938095238095238,689,570,0.8272859216255443,-121.21608949657929,7122,0.14743049705139,IMR90,FCCP,IMR90_FCCP_A1_N1_1,14,173.75,-45.63613022702064,64.88882844217726,28.780286576679263,0.8962584246438257,0.0656651549508692,0.1203880131647323,0.8939109503346967,fibroblast
975,3727,3.8225641025641024,2515,1251,0.4974155069582505,-125.41393653372288,6956,0.140166762507188,IMR90,FCCP,IMR90_FCCP_A1_N1_7,5,100.0,-25.104751928690256,75.20658485028467,28.6493515732724,0.9245989102018816,0.0341005967604433,0.0599340725202277,0.8030082692618192,fibroblast
709,2597,3.6629055007052185,563,263,0.4671403197158081,-126.65201028719164,4186,0.1693741041567128,IMR90,FCCP,IMR90_FCCP_A1_N1_4,9,58.75,-62.4216891947613,74.60806202768559,18.04625584163315,0.970305977943916,0.0223660416864947,0.0570526826899732,0.7356314351569087,fibroblast
522,2833,5.4272030651340994,552,420,0.7608695652173914,-120.83011068727488,3133,0.1666134695180338,IMR90,FCCP,IMR90_FCCP_A1_N1_5,7,77.25,-40.03146693228246,37.74276165114601,21.60346292370843,0.8199836699421261,0.0795162120432321,0.1244963738920225,0.8669196862719611,fibroblast
576,3293,5.717013888888889,636,637,1.001572327044025,-107.12534506107858,3311,0.1739655693144065,IMR90,FCCP,IMR90_FCCP_A1_N1_6,4,86.0,-83.78224475203488,41.82893878002152,19.720493607838964,0.8818897198431322,0.1011764705882353,0.133385032958511,0.8969885131847571,fibroblast
1327,7268,5.477015825169556,1138,930,0.8172231985940246,-116.99781055895396,7825,0.1695846645367412,IMR90,FCCP,IMR90_FCCP_A1_N1_2,15,173.0,-50.28626265032918,101.4017584125087,21.98734495687245,0.97620849885546,0.0327651515151515,0.1008305405799213,0.8310327505624118,fibroblast
379,1788,4.717678100263853,568,480,0.8450704225352113,-105.75860202642023,3289,0.115232593493463,IMR90,FCCP,IMR90_FCCP_A1_N1_3,7,52.75,6.309319299280784,40.4463991673163,20.350187141203826,0.8642051215367443,0.0584811529933481,0.0840302668259657,0.802512457565225,fibroblast
242,3025,12.5,290,330,1.137931034482759,-147.38579013893732,1003,0.2412761714855433,IMR90,control,IMR90_control_A2_N8_26,4,45.0,-28.34253536540693,32.03741676652855,9.11749317649796,0.958649653601808,0.0909090909090909,0.198019801980198,1.0478408189147337,fibroblast
993,9867,9.93655589123867,585,1224,2.0923076923076924,-95.81410058075213,2918,0.340301576422207,IMR90,control,IMR90_control_A2_N8_30,6,225.25,19.233937270234605,61.53311861754056,17.243188809416367,0.959934011239002,0.1436543367346938,0.2898970398970399,1.0507989388567769,fibroblast
352,3765,10.696022727272728,452,449,0.9933628318584072,-146.15667228864123,1981,0.1776880363452801,IMR90,control,IMR90_control_A2_N8_27,6,46.75,13.429740481173566,38.956850334470005,13.78617209379238,0.9352896508477514,0.0705128205128205,0.1116417910447761,1.0069122246149622,fibroblast
936,12816,13.692307692307692,420,645,1.5357142857142858,-134.55207311969966,2582,0.3625096824167312,IMR90,control,IMR90_control_A2_N8_24,5,211.75,-39.435851061666064,84.04351047830411,12.193806418231189,0.989418577531875,0.0593969144460028,0.2866328257191201,1.1095823512148728,fibroblast
757,12414,16.398943196829592,384,1330,3.4635416666666665,-95.62790133184672,2247,0.3368936359590565,IMR90,control,IMR90_control_A2_N8_29,3,171.75,17.650716644808586,50.67781347875211,13.474249927368565,0.96400595464708,0.1669096209912536,0.3380905511811024,1.186587219727682,fibroblast
404,5973,14.784653465346535,681,899,1.3201174743024964,-148.57594266661644,1736,0.2327188940092165,IMR90,control,IMR90_control_A2_N8_7,2,87.5,11.306825522435211,31.50878729194693,16.30311670686559,0.8557346544867247,0.1525719267654751,0.2242152466367713,1.053851720107672,fibroblast
1313,16198,12.336633663366335,743,526,0.7079407806191117,-175.7650328909006,4617,0.284383799003682,IMR90,control,IMR90_control_A2_N8_20,10,295.5,-14.828374473223738,50.53011638286568,32.36249462689895,0.7679919201931664,0.1486792452830188,0.2371589085072231,1.145345282127719,fibroblast
806,14443,17.919354838709676,433,2136,4.933025404157044,-79.33062934979198,3148,0.2560355781448539,IMR90,control,IMR90_control_A2_N8_15,3,168.25,-4.115184188909575,44.49932390576932,21.68367763299324,0.8732451949575648,0.2001784651992861,0.2300854700854701,1.28791407341918,fibroblast
601,9026,15.01830282861897,545,773,1.418348623853211,-145.126248103545,2167,0.2773419473927088,IMR90,control,IMR90_control_A2_N8_28,2,127.25,11.750095455154856,43.685858784535135,15.388652583863395,0.935903284079742,0.1625159642401021,0.247447739426349,1.1637787644087527,fibroblast
1321,18088,13.692657077971234,515,1399,2.716504854368932,-99.47708857917472,4093,0.3227461519667725,IMR90,control,IMR90_control_A2_N8_6,7,293.0,33.42778527245608,62.55736021515818,23.3826041353173,0.9275179453196828,0.1276132404181184,0.277988614800759,1.147164322811538,fibroblast
1414,22653,16.02050919377652,1115,2049,1.8376681614349777,-133.17039409272567,4219,0.3351505095994311,IMR90,control,IMR90_control_A2_N8_8,4,337.0,27.970899221236103,52.942469942002056,27.181413584516537,0.8581409576537875,0.1694318753142282,0.3125434732204962,1.1787813923524335,fibroblast
1979,29801,15.058615462354725,901,4336,4.81243063263041,-70.15600186862005,5389,0.3672295416589348,IMR90,control,IMR90_control_A2_N8_21,7,447.75,1.7521680138306484,79.44784943554964,22.85570130800816,0.95772604375085,0.2666765932102442,0.3238698010849909,1.163577881781058,fibroblast
838,15688,18.72076372315036,494,898,1.8178137651821864,-143.41792105120905,2701,0.3102554609403924,IMR90,control,IMR90_control_A2_N8_9,3,203.5,14.621988010753666,48.63846726109593,15.319575524673514,0.9491021903382044,0.2108262108262108,0.3536055603822763,1.2636153221109216,fibroblast
800,10263,12.82875,570,866,1.5192982456140351,-131.2065721920028,2907,0.2751977984176126,IMR90,control,IMR90_control_A2_N8_10,5,176.5,-27.360866617416608,69.891339503596,14.595560637995108,0.9779514924139704,0.0786279095667669,0.2324662495884096,1.1225137510363743,fibroblast
780,5497,7.047435897435897,585,969,1.6564102564102563,-89.05268163636396,2841,0.2745512143611404,IMR90,control,IMR90_control_A2_N8_16,8,148.0,7.3536593133053,44.84188168999851,20.094712243931475,0.8939715338911631,0.1586705976949879,0.2116553450125134,0.9759281149444264,fibroblast
1227,20044,16.335778321108396,1080,1795,1.662037037037037,-140.5467931997223,3925,0.3126114649681528,IMR90,control,IMR90_control_A2_N8_19,7,289.25,-18.59515497416101,86.3615166291052,18.31403733496811,0.977256110168107,0.0978021978021978,0.2506499133448873,1.223078568418619,fibroblast
634,8657,13.654574132492112,365,321,0.8794520547945206,-168.66564402970795,1976,0.3208502024291498,IMR90,control,IMR90_control_A2_N8_17,3,146.0,-10.693546276978584,40.87250289184005,13.597889843606753,0.943036101899454,0.2433333333333333,0.3405247813411078,1.261780503374739,fibroblast
1442,24905,17.27115117891817,478,1543,3.228033472803347,-103.14561230913326,3781,0.3813805871462576,IMR90,control,IMR90_control_A2_N8_1,5,333.25,26.588104661360127,40.43865218242924,31.1167460047178,0.6386705534434978,0.2610654132393262,0.3481326717158527,1.24203816705483,fibroblast
818,12716,15.54523227383863,241,621,2.5767634854771786,-110.52901997458504,2471,0.3310400647511129,IMR90,control,IMR90_control_A2_N8_25,4,187.0,-24.945048924555827,44.168273747392576,16.39740971477559,0.928533509527434,0.1817298347910592,0.3375451263537906,1.215363293543707,fibroblast
813,9870,12.140221402214022,349,539,1.5444126074498568,-126.80564301164851,2901,0.280248190279214,IMR90,control,IMR90_control_A2_N8_4,5,148.25,-82.29484243707117,36.79087080325751,30.19517313933268,0.5713239995038826,0.1305304864626898,0.1793708408953418,1.0609198866362588,fibroblast
737,12418,16.849389416553596,656,1194,1.820121951219512,-136.86277125571314,2481,0.2970576380491737,IMR90,control,IMR90_control_A2_N8_18,2,171.75,4.775613281812921,49.87283966437912,15.265750662725486,0.9520014633705068,0.212430426716141,0.2967602591792657,1.2593095880965568,fibroblast
832,8424,10.125,412,596,1.4466019417475728,-119.66610315952194,3837,0.216836069846234,IMR90,control,IMR90_control_A2_N2_22,8,164.75,-31.28315728141006,52.83087922345872,23.665385728259576,0.894060569156876,0.0942505720823798,0.1722875816993464,0.9802988460980976,fibroblast
1706,22091,12.949003516998827,852,2323,2.726525821596244,-95.81642379109222,6508,0.262138905961893,IMR90,control,IMR90_control_A2_N2_3,10,387.0,-46.677247165280136,71.66811935080258,27.97520669542776,0.920669164645998,0.1267813267813267,0.2479577126381547,1.0949456907811044,fibroblast
1367,23632,17.28749085588881,761,1509,1.9829172141918527,-133.1729651291745,7947,0.1720145967031584,IMR90,control,IMR90_control_A2_N2_10,9,298.75,-73.23949756214556,81.60151086502687,26.712007741405404,0.9449042056863628,0.097582884207088,0.1794024921183005,1.096460604373279,fibroblast
951,15698,16.506834910620398,606,1607,2.651815181518152,-112.45460437709998,3397,0.2799528996173094,IMR90,control,IMR90_control_A2_N2_23,8,213.75,-78.52972135655695,55.4141093813332,20.37272389651882,0.9299661851395888,0.1689723320158102,0.2564487102579484,1.1850620284463005,fibroblast
440,4477,10.175,471,263,0.5583864118895966,-178.5122242797897,1878,0.2342917997870074,IMR90,control,IMR90_control_A2_N2_20,7,98.25,-61.15495089228596,36.09768333513936,14.580575525015432,0.9147943210830032,0.140961262553802,0.2439478584729981,1.03482894795134,fibroblast
998,13857,13.884769539078157,403,732,1.816377171215881,-125.08783710251627,3655,0.2730506155950752,IMR90,control,IMR90_control_A2_N2_16,6,199.75,35.28205902900236,56.01971460892862,22.85336185271658,0.9130033188708188,0.1042672582539475,0.2036187563710499,1.059294884672788,fibroblast
946,14316,15.133192389006345,563,1297,2.303730017761989,-115.765198219423,2748,0.3442503639010189,IMR90,control,IMR90_control_A2_N2_6,3,224.25,-54.80017721768322,47.32672697334259,17.872000958010233,0.9259564993341728,0.1662650602409638,0.3486202876020209,1.1510171824906206,fibroblast
1754,24929,14.212656784492587,481,1285,2.6715176715176714,-102.7963990394393,5026,0.3489852765618782,IMR90,control,IMR90_control_A2_N2_12,10,413.5,-77.07614914229353,50.80374424602024,32.44167386137505,0.7695649373393901,0.2384659746251441,0.323679060665362,1.1275325382195518,fibroblast
893,15469,17.322508398656215,327,1133,3.4648318042813457,-98.9745716976089,2480,0.3600806451612903,IMR90,control,IMR90_control_A2_N2_17,5,212.5,81.65887497745763,33.72331834989109,22.042207023207126,0.7568236209691592,0.2583586626139817,0.3674881106787722,1.1562988522514763,fibroblast
1157,12466,10.774416594641314,785,602,0.7668789808917198,-162.51994690289547,5114,0.2262416894798592,IMR90,control,IMR90_control_A2_N2_4,19,216.5,12.195022422839529,75.6724779231691,22.1049273739504,0.9563837598864776,0.1098427194317605,0.1710110584518167,0.9946597781463584,fibroblast
572,6045,10.568181818181818,573,540,0.9424083769633508,-148.65560745276915,3229,0.1771446268194487,IMR90,control,IMR90_control_A2_N2_2,9,104.0,10.862827403060663,71.58484960151674,14.973989385374454,0.9778775404723696,0.0693333333333333,0.1296354004362729,0.9848797950714768,fibroblast
2216,32644,14.731046931407942,769,1831,2.3810143042912872,-112.0794897445152,7205,0.3075641915336571,IMR90,control,IMR90_control_A2_N2_8,15,506.75,89.94048075231142,60.32130561969906,45.69295203488689,0.6528435683381385,0.1671614712188685,0.2514888337468983,1.1394027751398643,fibroblast
1015,16558,16.31330049261084,900,1216,1.3511111111111112,-153.1997876067953,3611,0.2810855718637496,IMR90,control,IMR90_control_A2_N2_19,4,242.25,-67.45461685821795,50.804360594833184,22.010192954866945,0.9012813202233022,0.1634615384615385,0.2801387684301821,1.1907029917043512,fibroblast
914,13300,14.551422319474836,534,623,1.1666666666666667,-155.19759087009888,3272,0.2793398533007335,IMR90,control,IMR90_control_A2_N5_13,5,191.75,80.16925077999183,63.90343306834719,16.311440847790934,0.9668747189066298,0.1362828713574982,0.2375348405078972,1.18378962302861,fibroblast
1069,8125,7.600561272217025,717,499,0.6959553695955369,-147.02754822279115,4912,0.2176302931596091,IMR90,control,IMR90_control_A2_N5_1,10,202.25,83.03131746684024,72.48563152003084,20.2522305141466,0.9601758199890958,0.1217639975918121,0.1792202038103677,0.944686937111806,fibroblast
1160,14649,12.62844827586207,937,1033,1.1024546424759871,-149.96239222751083,4251,0.2728769701246765,IMR90,control,IMR90_control_A2_N5_3,12,246.0,26.316295715423408,40.21764826319948,33.4000489406626,0.5570448706230842,0.1779385171790235,0.2405867970660146,1.0798586170687074,fibroblast
2050,34362,16.761951219512195,928,1041,1.1217672413793105,-166.30867968013243,5795,0.3537532355478861,IMR90,control,IMR90_control_A2_N5_15,7,494.5,-27.339779298070976,55.1522692606459,35.46955838428259,0.7657649398851074,0.2142083604071908,0.338061869765852,1.188219714975448,fibroblast
2034,24644,12.116027531956735,518,776,1.498069498069498,-128.55664108753658,5999,0.3390565094182364,IMR90,control,IMR90_control_A2_N5_8,7,466.5,-72.5916124972029,59.10355237076426,34.95202720148311,0.8064008524542619,0.194375,0.293119698397738,1.110985365446659,fibroblast
2740,35710,13.032846715328468,1054,1814,1.721062618595825,-124.50865278740515,9017,0.3038704668958634,IMR90,control,IMR90_control_A2_N5_14,22,595.25,-56.569375830252994,69.07601009435793,52.40134607620211,0.6515518276905796,0.1329647623834254,0.2311650485436893,1.1095976666423095,fibroblast
470,4276,9.097872340425532,404,311,0.7698019801980198,-151.88424640819895,2067,0.2273826802128689,IMR90,control,IMR90_control_A2_N5_7,11,97.75,-0.5036317906541504,47.56977093403962,17.392621697940562,0.9307628723682414,0.1089439955419336,0.1555290373906125,0.999593515809911,fibroblast
1100,13571,12.337272727272728,841,906,1.0772889417360283,-149.94790623932997,4326,0.2542764678687009,IMR90,control,IMR90_control_A2_N5_5,7,238.25,5.257578375417568,45.59444896721913,33.90121204194472,0.6686935215797498,0.1327667874059626,0.2128657583203037,1.102082081275226,fibroblast
1100,16232,14.756363636363636,774,1217,1.5723514211886305,-137.7047855042654,4078,0.2697400686611084,IMR90,control,IMR90_control_A2_N5_10,9,241.0,74.26412561023604,51.0189277372365,24.751116836783883,0.8744387306399654,0.1721428571428571,0.2471161240707511,1.059133693030505,fibroblast
1409,29427,20.88502484031228,1053,1790,1.6999050332383665,-154.27029003892457,3693,0.3815326292986731,IMR90,control,IMR90_control_A2_N5_11,1,344.0,39.155802885892,52.26865503052228,26.891411754670493,0.8574996914307853,0.1862731826181128,0.3365949119373776,1.296640658089828,fibroblast
1759,28749,16.3439454235361,1126,2402,2.133214920071048,-125.22798044654223,5956,0.2953324378777703,IMR90,control,IMR90_control_A2_N5_12,10,404.0,-67.53605980718822,60.70167979520517,27.99949783468653,0.8872629540188987,0.2036546943919344,0.3031894934333958,1.1531572769090417,fibroblast
1779,36241,20.371557054525013,979,1667,1.7027579162410622,-152.63626118110835,4473,0.397719651240778,IMR90,control,IMR90_control_A2_N5_9,5,428.0,75.33020767125505,43.10159464376945,32.94969603348842,0.6446642576225589,0.3078582988671102,0.3881206075719791,1.2612695440489907,fibroblast
559,12773,22.84973166368515,377,755,2.0026525198939,-149.7197089433298,1715,0.3259475218658892,IMR90,control,IMR90_control_A2_N4_16,3,128.0,-37.62761792565585,35.270205576377684,14.870112059338052,0.9067793649291446,0.1625396825396825,0.3234365129500947,1.1924160807313315,fibroblast
1024,15646,15.279296875,588,1194,2.03061224489796,-124.11692736638662,2685,0.3813780260707635,IMR90,control,IMR90_control_A2_N4_15,2,233.25,-34.23622463334125,53.60418253484561,17.90414361047153,0.9425707825844284,0.1448757763975155,0.3288685230877687,1.2307981498605898,fibroblast
2004,30736,15.337325349301397,840,1138,1.3547619047619048,-149.2398175472119,8459,0.2369074358671237,IMR90,control,IMR90_control_A2_N4_19,17,405.5,-17.91477980720351,85.92444382524718,29.92345362580941,0.937400544478876,0.1243865030674846,0.2029529529529529,1.0840622969586478,fibroblast
795,13722,17.260377358490565,382,795,2.081151832460733,-130.10276061674796,3079,0.2582007145177005,IMR90,control,IMR90_control_A2_N4_14,9,173.5,-23.50175008185788,51.92670305790918,18.12456524565159,0.9371073328825564,0.1184704677364288,0.2447108603667137,1.0862774116101377,fibroblast
659,12750,19.347496206373293,495,533,1.0767676767676768,-177.64886030094502,2327,0.2831972496776966,IMR90,control,IMR90_control_A2_N4_13,5,150.5,-15.291254853503244,40.34400939014155,16.523354000088307,0.9122824987085216,0.1728395061728395,0.306205493387589,1.2129488052367352,fibroblast
549,7575,13.797814207650273,530,597,1.1264150943396227,-154.0864100443287,1956,0.2806748466257668,IMR90,control,IMR90_control_A2_N4_21,5,121.0,-35.61423288135089,59.376280708460754,10.648771938355209,0.9837864486133636,0.0720238095238095,0.2448153768335862,1.0396589381268022,fibroblast
1444,26249,18.17797783933518,500,492,0.984,-179.35492442378842,5515,0.2618313689936536,IMR90,control,IMR90_control_A2_N4_23,11,322.75,-36.0765761576478,68.52089583030737,25.123704095365817,0.9303559736728032,0.1226253799392097,0.2436308737497641,1.1401907599503471,fibroblast
1638,41789,25.51221001221001,446,1359,3.0470852017937218,-130.68575951567695,4432,0.3695848375451263,IMR90,control,IMR90_control_A2_N4_17,3,377.5,-26.204128376341952,69.31487120276842,21.554451060853086,0.9504215897297058,0.1586134453781512,0.3331862312444836,1.2795917607730305,fibroblast
2138,34494,16.13376987839102,860,1718,1.9976744186046511,-128.46924850313707,6185,0.3456750202101859,IMR90,control,IMR90_control_A2_N4_20,8,499.0,53.26757398880449,68.08211566261996,28.57724621818144,0.907641268796728,0.1803560133730911,0.3465277777777777,1.1777888796620544,fibroblast
539,10632,19.72541743970316,278,337,1.212230215827338,-171.55094208857508,1851,0.2911939492166396,IMR90,control,IMR90_control_A2_N4_22,3,119.75,-26.52529926891405,65.32966632845113,9.677108983804924,0.9889682979628908,0.0688218390804597,0.2470345538937596,1.236350621098632,fibroblast
1119,26370,23.5656836461126,515,1385,2.6893203883495147,-133.4859377642788,3189,0.3508936970837253,IMR90,control,IMR90_control_A2_N4_18,3,259.0,-18.233787334618203,51.919244456637074,19.59946424464161,0.926009980998831,0.2053925455987311,0.3309904153354632,1.2536788931251923,fibroblast
460,7399,16.08478260869565,512,890,1.73828125,-136.83607367697755,1995,0.2305764411027568,IMR90,control,IMR90_control_A2_N3_4,2,95.25,16.694147516986984,35.734999169769885,13.426592912541798,0.9267305192551394,0.1608952702702702,0.2557046979865772,1.199205009367852,fibroblast
731,10404,14.232558139534884,355,234,0.6591549295774648,-188.9482237175934,2734,0.267373811265545,IMR90,control,IMR90_control_A2_N3_9,5,164.75,48.05634778696571,31.670884009508903,27.398770504809868,0.5015837072960458,0.1861581920903954,0.2498104624715693,1.1258618958671465,fibroblast
1366,17713,12.96705710102489,864,862,0.9976851851851852,-157.73086857112676,4958,0.2755143202904397,IMR90,control,IMR90_control_A2_N3_2,16,306.75,13.592861244438938,92.75586071709236,16.990478580786213,0.9830804750166698,0.1209343583678297,0.2538270583367811,1.0884362103207348,fibroblast
1351,25683,19.01036269430052,636,1639,2.5770440251572326,-122.89798503287138,3827,0.3530180297883459,IMR90,control,IMR90_control_A2_N3_6,8,318.5,-2.580517903305505,65.35175295722848,18.00124703447264,0.9613149318457548,0.2513316235943973,0.3475177304964539,1.1950928121216748,fibroblast
587,11433,19.47700170357752,509,634,1.2455795677799608,-169.10245605737097,2120,0.2768867924528302,IMR90,control,IMR90_control_A2_N3_3,5,123.5,25.430937296524373,48.60282102672494,12.787792119659525,0.9647663803166486,0.1143518518518518,0.259726603575184,1.1768652129303987,fibroblast
579,12005,20.73402417962004,361,367,1.0166204986149583,-185.4404666936812,1819,0.3183067619571193,IMR90,control,IMR90_control_A2_N3_8,4,138.25,15.158913875802236,42.15723753386862,13.28678720069474,0.9490345176696902,0.2033088235294117,0.3200231481481481,1.190553913377592,fibroblast
1246,18928,15.191011235955056,584,367,0.6284246575342466,-195.89244583113225,4666,0.267038148306901,IMR90,control,IMR90_control_A2_N3_7,9,281.0,25.28384852020439,75.66935766562995,18.49002036680458,0.9696863941584312,0.1092004274749829,0.2569142857142857,1.0839531481427849,fibroblast
3780,60134,15.908465608465608,867,1631,1.881199538638985,-131.29891884894175,13645,0.2770245511176255,IMR90,control,IMR90_control_A2_N3_11,33,855.5,16.804864469792626,111.52330314690582,40.76588084119335,0.9307968552152076,0.144023569023569,0.2554684583799925,1.107148825468263,fibroblast
1214,16917,13.93492586490939,758,1313,1.7321899736147757,-128.22822891001857,5395,0.2250231696014828,IMR90,control,IMR90_control_A2_N3_1,13,228.75,29.61757978855068,104.38349079205524,15.224431103934226,0.9893065758003292,0.0480819758276405,0.1895980107749689,1.0598738881087069,fibroblast
1464,21539,14.712431693989071,762,1268,1.6640419947506562,-134.03575990855276,5125,0.2856585365853658,IMR90,control,IMR90_control_A2_N3_5,9,329.0,25.375086294961427,58.16037845029207,29.920951781598767,0.8575168176812779,0.1492740471869328,0.254054054054054,1.1359892515639178,fibroblast
1104,16651,15.082427536231885,635,830,1.3070866141732282,-150.41237193320262,3498,0.3156089193825043,IMR90,control,IMR90_control_A2_N3_10,5,258.25,18.855438561374555,42.58902207255128,25.52337295546244,0.8005285290959552,0.2012468342100136,0.309652278177458,1.125811921214586,fibroblast
1945,39311,20.211311053984577,554,1607,2.9007220216606497,-119.3888873949563,6569,0.2960876845790836,IMR90,control,IMR90_control_A2_N7_3,18,419.0,26.32673536007401,99.71521324101042,29.281791177638148,0.9559117170481012,0.0862139917695473,0.2016361886429259,1.166027239795291,fibroblast
444,7299,16.43918918918919,650,1519,2.336923076923077,-119.97622515276905,1412,0.3144475920679886,IMR90,control,IMR90_control_A2_N7_15,2,108.5,36.18047296055186,21.89136258336997,18.90256774772032,0.5043976247865566,0.246031746031746,0.3351351351351351,1.3086781496960314,fibroblast
1080,19134,17.716666666666665,666,1383,2.0765765765765765,-131.8427870322219,3071,0.3516769781830022,IMR90,control,IMR90_control_A2_N7_14,3,244.75,36.97437324200546,43.61579804263632,24.3872544967132,0.8290745345671361,0.1849612696013602,0.3119821542383684,1.2244593047146677,fibroblast
847,10811,12.763872491145218,496,527,1.0625,-152.88863695469337,3874,0.2186370676303562,IMR90,control,IMR90_control_A2_N7_2,11,152.5,24.11405335947085,54.65143954087196,25.39239060218328,0.88550787455098,0.0877066858375269,0.1481301602719766,0.9728094885909164,fibroblast
840,12821,15.263095238095238,521,383,0.7351247600767754,-186.53890281421585,3252,0.2583025830258302,IMR90,control,IMR90_control_A2_N7_28,2,187.0,31.724051778193,62.94018001642017,14.96432802569645,0.9713252129570846,0.0984599183888376,0.2552030023882634,1.1463172835685589,fibroblast
481,10199,21.203742203742205,443,1195,2.697516930022573,-126.80352843569332,1680,0.2863095238095238,IMR90,control,IMR90_control_A2_N7_24,3,103.75,-7.598546372891029,35.645089136155164,13.489285784700078,0.925628596996492,0.2087525150905432,0.279838165879973,1.239431230826631,fibroblast
696,12868,18.488505747126435,541,1074,1.9852125693160807,-137.2325287558334,2338,0.2976903336184773,IMR90,control,IMR90_control_A2_N7_22,3,157.5,10.34864986498079,41.42157034225559,17.03727177548296,0.9114937155945028,0.2083333333333333,0.2916666666666667,1.1951167392398436,fibroblast
3425,69769,20.37051094890511,1058,3200,3.0245746691871456,-117.30004697284754,9268,0.369551143720328,IMR90,control,IMR90_control_A2_N7_18,15,785.25,-3.637556738508376,81.4014331830621,44.1507101505912,0.8401316917277519,0.192039618488628,0.2987729477789403,1.28731431078705,fibroblast
627,9970,15.901116427432218,401,225,0.5610972568578554,-205.6713963666444,1856,0.3378232758620689,IMR90,control,IMR90_control_A2_N7_9,3,152.0,21.472546034386323,31.4706954233851,20.0831318088552,0.7699092263475437,0.2043010752688172,0.3089430894308943,1.156599338505477,fibroblast
1392,29825,21.426005747126435,555,2051,3.695495495495496,-108.08568184736706,3166,0.4396715097915351,IMR90,control,IMR90_control_A2_N7_29,2,333.0,-62.11696365111666,34.11800031534118,30.49137310912229,0.4486582451970008,0.3201923076923076,0.4188679245283019,1.3454898144400478,fibroblast
1373,17288,12.591405680990531,484,1140,2.355371900826446,-103.09342525143076,5085,0.2700098328416912,IMR90,control,IMR90_control_A2_N7_5,13,288.75,32.00121680057276,47.363166780986695,34.24003311588122,0.6909261631631952,0.1584362139917695,0.2339951377633711,1.115615867384657,fibroblast
516,4231,8.199612403100776,662,338,0.5105740181268882,-170.7428525600884,2330,0.2214592274678111,IMR90,control,IMR90_control_A2_N7_21,10,107.75,-20.841648458189688,51.53807802287265,15.147708360950912,0.9558321923682496,0.093573599652627,0.178099173553719,0.9175663715000952,fibroblast
581,12851,22.118760757314973,355,668,1.8816901408450704,-151.551729694731,1738,0.3342922899884925,IMR90,control,IMR90_control_A2_N7_26,2,130.25,-0.6462875093346181,31.48539610197516,14.52154600141291,0.8872882614916715,0.3001152073732719,0.3661278988053408,1.3531061262489277,fibroblast
720,12843,17.8375,463,1668,3.602591792656588,-98.37844141918556,1827,0.3940886699507389,IMR90,control,IMR90_control_A2_N7_8,5,167.75,-14.083486846584686,29.25495085127855,19.42131068984954,0.7478532602249616,0.2871202396234488,0.3771781899943788,1.3059690519999247,fibroblast
750,14131,18.84133333333333,459,919,2.002178649237473,-137.87175323407078,2733,0.274423710208562,IMR90,control,IMR90_control_A2_N7_30,4,154.25,-28.97476802351917,65.41910765467006,15.022305421457949,0.973277581492372,0.0766459627329192,0.2109401709401709,1.1649787492602228,fibroblast
801,11094,13.850187265917604,867,1575,1.8166089965397925,-124.92662151265915,3255,0.2460829493087557,IMR90,control,IMR90_control_A2_N7_31,9,167.75,5.153314479135485,39.77247198259201,26.46363815975417,0.7465086191774439,0.169873417721519,0.2081265508684863,1.1550498208050446,fibroblast
305,6534,21.42295081967213,222,239,1.076576576576577,-183.9266136979039,1225,0.2489795918367346,IMR90,control,IMR90_control_A2_N7_27,1,65.75,6.043910978569547,17.37954998916962,14.536929960381183,0.5480603357754471,0.2292938099389712,0.3406735751295336,1.2369393455832167,fibroblast
913,10960,12.004381161007666,416,424,1.0192307692307692,-151.6727443235851,2695,0.3387755102040816,IMR90,control,IMR90_control_A2_N7_10,4,204.5,61.67886476303164,40.33232096843212,24.362478744079795,0.7969513018530779,0.1848587570621468,0.2807137954701441,1.094851805646582,fibroblast
369,5210,14.119241192411923,453,352,0.7770419426048565,-178.33766559639707,1552,0.2377577319587628,IMR90,control,IMR90_control_A2_N7_12,3,59.25,25.84966855374825,31.46615791540384,15.450762913180958,0.8711438202240599,0.0996635828427249,0.1564356435643564,1.013235195222245,fibroblast
1265,21860,17.280632411067195,538,847,1.5743494423791822,-147.3382699038363,3646,0.3469555677454745,IMR90,control,IMR90_control_A2_N6_1,4,289.25,-50.454529478741286,39.282879653081,29.27537215522772,0.6667906679077757,0.2141799333580155,0.3285998295938653,1.2172612760008097,fibroblast
410,3804,9.278048780487804,548,199,0.3631386861313868,-199.2982361607127,2610,0.1570881226053639,IMR90,control,IMR90_control_A2_N6_4,6,73.75,32.52012678851432,53.93561870263468,22.03789726317597,0.9127151898719594,0.0400162778079218,0.0901313779407271,0.973122306830151,fibroblast
1297,22312,17.20277563608327,627,941,1.5007974481658692,-150.00305998136295,3654,0.3549534756431308,IMR90,control,IMR90_control_A2_N6_3,5,297.25,8.728301429890106,65.21035346208495,20.57516101532149,0.9489189762852396,0.189090330788804,0.2984437751004016,1.2486684712112954,fibroblast
529,8486,16.041587901701323,390,441,1.1307692307692307,-163.11561714122024,1810,0.2922651933701657,IMR90,control,IMR90_control_A2_N6_12,4,123.75,-43.44967586791921,38.65311699947502,15.154467563169485,0.9199382533356566,0.1293103448275862,0.2831807780320366,1.0757474978055726,fibroblast
773,12365,15.996119016817596,513,758,1.4775828460038989,-146.4892233401343,2307,0.3350671868227134,IMR90,control,IMR90_control_A2_N6_13,3,178.25,-49.905960647516544,41.30179165483571,17.738533058355625,0.9030736110722604,0.177716849451645,0.3125822007891276,1.1757563767861126,fibroblast
392,5711,14.568877551020408,405,247,0.6098765432098765,-195.1632580252072,1640,0.2390243902439024,IMR90,control,IMR90_control_A2_N6_11,2,88.75,47.70786968034639,46.48483413050469,9.300235799660086,0.9797815397718114,0.0802804161013116,0.2695520121488231,1.1946366306406333,fibroblast
594,8084,13.609427609427607,541,477,0.8817005545286506,-168.30493114781893,2316,0.2564766839378238,IMR90,control,IMR90_control_A2_N6_6,6,104.5,45.03773414463196,40.946906589024586,18.82550364003384,0.8880463217827302,0.10205078125,0.1754827875734676,1.0729834966567715,fibroblast
2054,31203,15.191333982473225,561,1077,1.9197860962566844,-127.2134486952914,7433,0.2763352616709269,IMR90,control,IMR90_control_A2_N6_2,3,448.5,21.088437798790764,72.46158285804808,33.673275019991785,0.8854654530558911,0.1613309352517985,0.2369255150554675,1.1830197450187552,fibroblast
397,5861,14.7632241813602,437,384,0.8787185354691075,-173.51793751527177,1548,0.2564599483204134,IMR90,control,IMR90_control_A2_N1_15,3,82.75,-22.18259547754012,29.760553925777668,15.97012043811693,0.8438237631126796,0.1504545454545454,0.2274914089347079,1.1596187234739932,fibroblast
1373,21785,15.866715222141297,823,1057,1.2843256379100851,-154.6103694768098,4082,0.3363547280744733,IMR90,control,IMR90_control_A2_N1_4,8,315.5,25.85960923944013,56.7133738354562,23.538874080919847,0.9097986970652484,0.1866863905325443,0.3037304452466907,1.1737367792142137,fibroblast
1480,28477,19.241216216216216,535,835,1.560747663551402,-154.48121520843353,6170,0.239870340356564,IMR90,control,IMR90_control_A2_N1_16,15,305.5,-9.31446954154626,96.4091288348692,20.95539111995464,0.976091731519423,0.1178626543209876,0.2029563195482478,1.1511291785345228,fibroblast
1962,40086,20.43119266055045,602,1346,2.2358803986710964,-136.06430478814087,6171,0.3179387457462324,IMR90,control,IMR90_control_A2_N1_14,9,450.75,-8.610531177316023,100.88090146889688,17.42011324962308,0.9849779796490976,0.1750145602795574,0.3353794642857143,1.2495527111301374,fibroblast
591,10386,17.573604060913706,277,528,1.906137184115524,-136.61113261297345,1704,0.3468309859154929,IMR90,control,IMR90_control_A2_N1_13,1,139.25,-28.562361820097,34.67088245251308,14.45884580431773,0.9088920902505084,0.2062962962962962,0.3575096277278562,1.2094589598926335,fibroblast
1208,23242,19.240066225165563,738,1765,2.39159891598916,-128.22951366504972,3137,0.3850812878546382,IMR90,control,IMR90_control_A2_N1_7,5,284.0,6.070665116890258,58.86323110119899,19.179422466901897,0.9454282814298852,0.2292171105730427,0.3441381399575886,1.240680984494329,fibroblast
1878,25622,13.643237486687966,707,1588,2.246110325318246,-110.94870604536624,5541,0.3389279913373037,IMR90,control,IMR90_control_A2_N1_6,16,440.75,-5.217734886654655,103.4729728692914,20.39491933537143,0.98038261912858,0.1838756779307467,0.2835316822129302,1.102173319587031,fibroblast
640,10055,15.7109375,625,601,0.9616,-171.8011012248351,2250,0.2844444444444444,IMR90,Oligo,IMR90_Oligo_A3_N8_22,5,149.5,17.47894751577561,50.14206316521901,14.279543545383463,0.9585923876570752,0.1467844869906725,0.2716946842344389,1.1572394809520004,fibroblast
1409,16166,11.473385379701917,1518,1005,0.6620553359683794,-175.42482481523678,7504,0.1877665245202558,IMR90,Oligo,IMR90_Oligo_A3_N8_20,16,285.5,-5.370175803951104,72.2942633665104,32.13885079308824,0.8957510453345013,0.1134737678855326,0.1628404391843718,1.0257875612735912,fibroblast
284,2148,7.563380281690141,403,221,0.5483870967741935,-161.3816627906335,1198,0.2370617696160267,IMR90,Oligo,IMR90_Oligo_A3_N8_17,6,51.0,35.66899012019946,35.14950568604522,11.141543599551634,0.9484336169229296,0.0781609195402298,0.1669394435351882,0.9755319657826566,fibroblast
895,9568,10.690502793296089,543,516,0.9502762430939228,-148.8520362106277,3329,0.2688495043556623,IMR90,Oligo,IMR90_Oligo_A3_N8_24,6,197.75,28.892426952360267,43.52444748625587,22.7594365999332,0.8523869447733124,0.1712121212121212,0.2628780325689598,1.0863266799340394,fibroblast
1038,13355,12.866088631984583,597,1266,2.120603015075377,-110.87801620916252,2587,0.4012369540007731,IMR90,Oligo,IMR90_Oligo_A3_N8_2,3,244.0,50.71462888375136,36.45658796091479,22.63009624633468,0.7840157525060077,0.2469010877814318,0.3803585346843336,1.176513717865457,fibroblast
526,7212,13.71102661596958,661,689,1.042360060514372,-158.46784583604685,2877,0.1828293361140076,IMR90,Oligo,IMR90_Oligo_A3_N8_11,7,96.5,6.188204615545538,47.2496901577353,17.947055578394455,0.9250545188626176,0.0960916106547174,0.1474971341230416,1.0372704298007132,fibroblast
1411,15683,11.114812189936217,1029,1064,1.034013605442177,-146.05208904716534,6267,0.2251475985319929,IMR90,Oligo,IMR90_Oligo_A3_N8_19,18,272.0,13.656756962253024,61.35027431707636,32.30813705469564,0.8501022613243885,0.1397021058038007,0.176853055916775,1.004842327986046,fibroblast
506,3325,6.571146245059288,684,118,0.1725146198830409,-223.8576369830016,2720,0.1860294117647059,IMR90,Oligo,IMR90_Oligo_A3_N8_15,11,96.75,29.43926450005444,49.23541644396045,18.022699841077426,0.9305945801491464,0.074537750385208,0.1425939572586588,0.8839917404846386,fibroblast
1035,14702,14.204830917874396,708,685,0.9675141242937854,-165.22635311146257,3902,0.2652485904664274,IMR90,Oligo,IMR90_Oligo_A3_N8_21,3,227.0,37.24885541400791,53.79116299359369,24.65620354792785,0.8887619627743555,0.1261111111111111,0.2280261175288799,1.1219419249936793,fibroblast
1329,16344,12.297968397291196,847,831,0.9811097992916176,-155.50305612122037,5173,0.2569108834332109,IMR90,Oligo,IMR90_Oligo_A3_N8_7,5,277.75,32.5631714360239,82.80921332672715,20.18657591717402,0.9698325436693428,0.0835401157981803,0.2141893194524773,1.0906011613174595,fibroblast
1407,13796,9.805259417199716,1076,698,0.6486988847583643,-167.01589162645453,5731,0.2455068923399057,IMR90,Oligo,IMR90_Oligo_A3_N8_1,19,283.0,27.22858978156429,52.31207707097196,35.54965538510251,0.7336117825588575,0.1404815090593199,0.1981792717086834,1.0034774773535649,fibroblast
422,4953,11.736966824644549,603,390,0.6467661691542289,-178.2586033835767,2453,0.1720342437831227,IMR90,Oligo,IMR90_Oligo_A3_N8_25,3,85.25,58.73738039480555,29.293981294197536,20.68790446769228,0.7079955503688602,0.1340408805031446,0.1826459560792715,1.015646847086499,fibroblast
1307,19591,14.989288446824787,511,265,0.5185909980430529,-206.88449981089948,4813,0.2715562019530438,IMR90,Oligo,IMR90_Oligo_A3_N8_23,6,273.5,19.99220133197218,77.33743138282239,19.77982128970861,0.9667403081817276,0.1055984555984556,0.23557278208441,1.1565028806029083,fibroblast
481,4137,8.6008316008316,497,159,0.3199195171026157,-202.4300002942709,2029,0.2370625924100542,IMR90,Oligo,IMR90_Oligo_A3_N8_16,6,87.5,19.36191587589425,40.55465478264272,15.375153404178391,0.925346781840009,0.1080580426057425,0.1810657009829281,0.9516528676521664,fibroblast
1780,20884,11.73258426966292,1026,1212,1.1812865497076024,-141.18959733626468,5698,0.3123903123903124,IMR90,Oligo,IMR90_Oligo_A3_N8_12,7,391.5,18.201307613004563,78.61862050411679,24.36204997802064,0.9507768702795673,0.1554342431761786,0.2630606416932639,1.0980281541604224,fibroblast
1221,20022,16.398034398034397,695,705,1.014388489208633,-171.14684427220675,3949,0.309192200557103,IMR90,Oligo,IMR90_Oligo_A3_N8_26,4,281.0,-15.144578711551816,46.22356019212533,24.94279373925942,0.8419137425583368,0.2437649099978313,0.3125695216907675,1.2221701028995842,fibroblast
427,8056,18.866510538641688,385,763,1.981818181818182,-138.5824840366457,1453,0.2938747419132829,IMR90,Oligo,IMR90_Oligo_A3_N2_8,2,102.25,-52.816236755741286,33.64933828510539,12.172579792352266,0.9322759284244412,0.1646537842190016,0.3200312989045383,1.2656276681704977,fibroblast
349,4745,13.595988538681947,475,363,0.7642105263157895,-177.0392356546006,1435,0.243205574912892,IMR90,Oligo,IMR90_Oligo_A3_N2_12,3,74.75,-53.99673076894879,28.72317177064432,14.779791177332925,0.857454461125091,0.1337209302325581,0.2254901960784313,1.0664105768721075,fibroblast
547,7688,14.054844606946984,519,377,0.7263969171483622,-182.2014894026805,2861,0.1911918909472212,IMR90,Oligo,IMR90_Oligo_A3_N2_39,6,113.75,-85.06525647919476,51.77613218109588,15.263714020472232,0.9555583208184651,0.1227738801942795,0.1870119194410193,1.1022170024197768,fibroblast
422,4869,11.537914691943127,652,362,0.5552147239263804,-186.5933918732256,2850,0.1480701754385965,IMR90,Oligo,IMR90_Oligo_A3_N2_35,6,73.5,-43.953321394188144,45.588243035201415,14.876576031870815,0.9452576897225776,0.0583680762358546,0.1414141414141414,0.9983609653141824,fibroblast
1898,21768,11.468914646996838,488,863,1.7684426229508197,-114.97677248787008,6961,0.2726619738543313,IMR90,Oligo,IMR90_Oligo_A3_N2_27,18,388.25,-83.46702714829254,83.01302547635075,29.78832199408314,0.9333994201058504,0.1397210976158344,0.206461047593725,1.0231155784848032,fibroblast
999,15382,15.397397397397397,343,253,0.7376093294460642,-186.87017638452224,3383,0.2953000295595625,IMR90,Oligo,IMR90_Oligo_A3_N2_20,10,218.25,44.45006746850903,37.99150256613974,31.442939061819825,0.5612728373108358,0.1756539235412474,0.2376803702695344,1.1055728268472689,fibroblast
1823,34029,18.66648381788261,621,647,1.0418679549114331,-177.47143522983563,4602,0.3961321164710995,IMR90,Oligo,IMR90_Oligo_A3_N2_13,4,439.75,54.34790886658309,42.697729484009926,36.9496699797131,0.5011198966605961,0.2860162601626015,0.3688404277626336,1.239255712440057,fibroblast
1045,12609,12.066028708133972,539,478,0.8868274582560297,-160.54567605804917,4022,0.2598209845847837,IMR90,Oligo,IMR90_Oligo_A3_N2_32,9,224.0,-39.55181352851185,49.16613767517626,24.95532382598209,0.861609717334345,0.1467409105797576,0.2372253110934604,1.0704736265658763,fibroblast
744,10944,14.709677419354838,502,503,1.00199203187251,-165.22070660920562,2109,0.352773826458037,IMR90,Oligo,IMR90_Oligo_A3_N2_26,2,167.5,-69.13532765562412,32.107193038698384,20.95324380651829,0.7577002022142909,0.2349228611500701,0.324298160696999,1.1231165411393536,fibroblast
393,6202,15.78117048346056,432,443,1.025462962962963,-168.1209083183916,2414,0.1628003314001657,IMR90,Oligo,IMR90_Oligo_A3_N2_37,4,65.75,-88.7235417964819,38.43913705625188,16.143409849628142,0.907536477305157,0.1027343749999999,0.1412459720730397,1.017201619634009,fibroblast
586,8628,14.723549488054609,534,699,1.3089887640449438,-148.84188885149274,1515,0.3867986798679867,IMR90,Oligo,IMR90_Oligo_A3_N2_4,2,142.75,-40.18077509765556,43.173297735378405,11.015240773030808,0.9669040874583836,0.1473168214654282,0.3834788448623237,1.301466271269596,fibroblast
406,4602,11.334975369458128,435,352,0.8091954022988506,-162.33588993877618,2098,0.1935176358436606,IMR90,Oligo,IMR90_Oligo_A3_N2_36,4,77.0,-59.26454097710615,49.898884949749245,12.016004409778295,0.9705730028159804,0.0547458229648062,0.1707317073170731,1.0839181972501668,fibroblast
393,5652,14.381679389312977,384,333,0.8671875,-172.71999446436004,1414,0.2779349363507779,IMR90,Oligo,IMR90_Oligo_A3_N2_24,6,88.75,73.55555122893095,26.91762068275017,17.35805054741668,0.76430216540661,0.1868421052631578,0.2455048409405255,1.033273680447433,fibroblast
252,3348,13.285714285714286,253,187,0.7391304347826086,-177.67166828220888,891,0.2828282828282828,IMR90,Oligo,IMR90_Oligo_A3_N2_33,2,59.25,-39.17939731756778,24.74431350373361,11.07577743189735,0.8942293792984319,0.1567460317460317,0.2911547911547911,1.1209088137472718,fibroblast
523,4731,9.045889101338432,553,346,0.6256781193490054,-164.2806227388964,3881,0.1347590827106415,IMR90,Oligo,IMR90_Oligo_A3_N2_38,8,79.75,-35.17185306054208,63.99986430068437,17.712382424034953,0.9609400633175076,0.0352564102564102,0.0955375861036238,0.9404813297623196,fibroblast
1581,24857,15.722327640733711,563,949,1.6856127886323269,-137.32658947059954,4794,0.3297872340425531,IMR90,Oligo,IMR90_Oligo_A3_N2_34,8,380.75,-50.920658082366906,61.228013499786734,23.25308436131163,0.9250774430283908,0.1786300727187426,0.343947606142728,1.1946490916333363,fibroblast
521,5184,9.950095969289828,427,185,0.4332552693208431,-192.7416386423862,2267,0.2298191442434936,IMR90,Oligo,IMR90_Oligo_A3_N2_10,6,86.75,-70.10110828311556,33.742049025414595,21.67128145152096,0.7664840434866304,0.1150912106135986,0.1525274725274725,0.9792387436702662,fibroblast
455,5031,11.057142857142855,434,171,0.3940092165898617,-205.06914296199395,1881,0.2418926103136629,IMR90,Oligo,IMR90_Oligo_A3_N2_31,7,101.5,-83.52341440308152,31.546236901323613,18.60746525218444,0.8075147464899033,0.1514925373134328,0.2230769230769231,1.091174177217585,fibroblast
356,3614,10.151685393258427,374,146,0.3903743315508021,-200.38476833438983,1826,0.1949616648411829,IMR90,Oligo,IMR90_Oligo_A3_N5_8,2,77.25,42.453605000235584,22.41873420898916,14.92513675315304,0.7461802650027685,0.1839285714285714,0.3005836575875486,1.095490720197954,fibroblast
869,7101,8.171461449942463,928,441,0.4752155172413793,-174.94502976074747,5632,0.154296875,IMR90,Oligo,IMR90_Oligo_A3_N5_18,12,137.75,-72.32842656305161,70.61897927914623,29.471983883067583,0.9087513356841516,0.0507506677719443,0.0884856271077565,0.9369313631991631,fibroblast
207,1585,7.657004830917875,617,219,0.3549432739059968,-188.89221850879628,1874,0.1104589114194237,IMR90,Oligo,IMR90_Oligo_A3_N5_15,3,45.75,84.69352774976679,41.42225182317789,10.034743426265749,0.9702126385359854,0.0994565217391304,0.1448931116389548,0.9247265877172516,fibroblast
1042,15435,14.812859884836852,527,981,1.8614800759013284,-127.55861392133522,3790,0.274934036939314,IMR90,Oligo,IMR90_Oligo_A3_N5_19,4,230.0,-83.25964319239354,64.45858214375615,15.697096888025737,0.9698953187722392,0.1932773109243697,0.2940236497283477,1.198636424483014,fibroblast
248,1322,5.330645161290323,825,204,0.2472727272727272,-188.8502435043325,2265,0.1094922737306843,IMR90,Oligo,IMR90_Oligo_A3_N5_6,2,13.5,-61.8531390304235,26.28477959859939,24.868107619520213,0.3238660227888816,0.0207692307692307,0.0263671875,0.855790746437292,fibroblast
294,2012,6.843537414965986,321,172,0.5358255451713395,-156.65596172714694,2189,0.1343079031521242,IMR90,Oligo,IMR90_Oligo_A3_N5_5,6,49.5,66.02507042268779,36.97443448680311,16.02317496481575,0.9012217577666672,0.0633802816901408,0.109090909090909,0.9047013376289093,fibroblast
441,5148,11.673469387755102,458,252,0.5502183406113537,-187.86766557712383,2079,0.2121212121212121,IMR90,Oligo,IMR90_Oligo_A3_N5_17,2,98.25,-15.365217590616655,29.225945892226683,19.6679813807899,0.7396761098114011,0.1613300492610837,0.2330960854092526,1.0535535933485258,fibroblast
473,4529,9.57505285412262,456,214,0.4692982456140351,-185.4641877477441,2541,0.1861471861471861,IMR90,Oligo,IMR90_Oligo_A3_N5_14,3,87.75,-10.874065145461351,30.66599658733212,20.967301669777303,0.7297338633387332,0.1322033898305084,0.1764705882352941,1.0058446944770338,fibroblast
663,6584,9.930618401206637,901,918,1.018867924528302,-140.03123307827175,2845,0.2330404217926186,IMR90,Oligo,IMR90_Oligo_A3_N5_2,5,141.0,-88.07602768238344,36.04776333160815,24.138584762237457,0.7426968412752049,0.1598639455782313,0.2112359550561797,1.0783876689381275,fibroblast
877,7371,8.40478905359179,1045,939,0.8985645933014355,-137.49913877147688,4200,0.2088095238095238,IMR90,Oligo,IMR90_Oligo_A3_N5_9,6,171.5,-85.06553717907762,46.00166326536399,25.15160476073581,0.837293134664168,0.1360031720856463,0.1900803546688833,1.0344091703019356,fibroblast
764,6860,8.979057591623036,682,475,0.6964809384164223,-157.23150179977722,3864,0.1977225672877846,IMR90,Oligo,IMR90_Oligo_A3_N5_16,6,145.5,74.56706031192654,68.39566296120768,15.706921637378157,0.9732737710954537,0.091725768321513,0.1752484191508581,0.9907760945962292,fibroblast
1836,27146,14.785403050108933,835,1216,1.4562874251497009,-142.54162967413637,9295,0.1975255513717052,IMR90,Oligo,IMR90_Oligo_A3_N4_9,10,392.5,89.24044697363479,86.9503920539808,28.12189683301797,0.9462539406554727,0.144208689262423,0.2185107863604732,1.100511010188296,fibroblast
1317,22065,16.753986332574033,1012,1277,1.2618577075098814,-159.04214964717715,4893,0.2691600245248314,IMR90,Oligo,IMR90_Oligo_A3_N4_6,13,281.25,86.72388222842852,67.2563032706671,23.320256038616705,0.9379623545080514,0.1851547070441079,0.2357996227206036,1.1431555054179392,fibroblast
838,15032,17.937947494033413,634,695,1.0962145110410095,-171.8959162932446,2689,0.3116400148754183,IMR90,Oligo,IMR90_Oligo_A3_N4_4,2,200.25,-84.1966457053115,50.40166363788683,16.43796881035598,0.9453216836891074,0.2139423076923076,0.3192506974890394,1.263077534003873,fibroblast
273,3126,11.45054945054945,400,150,0.375,-210.2603185817036,1723,0.1584445734184562,IMR90,Oligo,IMR90_Oligo_A3_N4_11,5,57.5,84.84904822574549,29.60896254891792,12.97508126329077,0.8988703563222992,0.1300169587337478,0.1957446808510638,1.009001012726235,fibroblast
814,11091,13.625307125307126,602,569,0.9451827242524916,-164.10081240625854,4699,0.1732283464566929,IMR90,Oligo,IMR90_Oligo_A3_N4_12,8,142.0,89.87116938598042,102.67665694894971,14.4664707745435,0.9900247619722484,0.1024531024531024,0.1270977847393153,0.9683414771039408,fibroblast
607,8913,14.683690280065898,376,262,0.6968085106382979,-187.45089378105104,2108,0.2879506641366224,IMR90,Oligo,IMR90_Oligo_A3_N4_10,3,137.5,-82.74799725152084,48.15160118742379,13.2254597084145,0.9615405746432896,0.1848118279569892,0.2875065342394145,1.216259236330994,fibroblast
914,11970,13.096280087527353,521,447,0.8579654510556622,-167.6194599656165,5261,0.1737312298042197,IMR90,Oligo,IMR90_Oligo_A3_N4_1,15,196.75,-54.52467226029303,89.09572582298584,14.579311197614327,0.986520705068238,0.0480728116791888,0.199190078461149,1.0289955819854688,fibroblast
1010,9202,9.110891089108913,1106,577,0.5216998191681737,-175.8982063419388,7376,0.1369305856832972,IMR90,Oligo,IMR90_Oligo_A3_N4_2,9,171.75,78.0363727092825,66.10815474789607,32.74195820145654,0.8687341655560405,0.0670832926472024,0.1042014257545882,0.9526412756926312,fibroblast
485,6003,12.377319587628866,744,498,0.6693548387096774,-179.41436144255212,2274,0.2132805628847845,IMR90,Oligo,IMR90_Oligo_A3_N3_13,3,89.0,-84.787484899618,51.4702443293199,15.077490757520692,0.9561320320662652,0.1079442086112795,0.1492036881810561,1.013680698414359,fibroblast
831,11987,14.424789410348977,748,923,1.2339572192513368,-151.21140034463153,3100,0.2680645161290322,IMR90,Oligo,IMR90_Oligo_A3_N3_19,5,195.0,-26.853199480659708,36.09795188140131,24.48840425447637,0.7347041682376599,0.1805555555555555,0.2850877192982456,1.2319914079384977,fibroblast
568,5024,8.845070422535212,554,288,0.51985559566787,-174.29496650635062,2131,0.2665415297982168,IMR90,Oligo,IMR90_Oligo_A3_N3_1,5,120.0,27.24515546884449,35.23889207563056,19.136289646312463,0.8397038614319755,0.1571194762684124,0.2279202279202279,1.019041488852073,fibroblast
501,6018,12.011976047904191,345,215,0.6231884057971014,-181.96684851804253,1831,0.2736209721463681,IMR90,Oligo,IMR90_Oligo_A3_N3_16,2,107.75,-11.254551424631575,24.53205974429749,20.195615424416776,0.5677027998687365,0.2052380952380952,0.2796885139519792,1.0828343042365507,fibroblast
281,3288,11.701067615658364,282,320,1.1347517730496457,-143.49586896217994,1033,0.2720232333010648,IMR90,Oligo,IMR90_Oligo_A3_N3_14,2,62.25,-41.20677114235989,20.77368980427892,13.588919132796455,0.7563727564413945,0.2095959595959596,0.2842465753424658,1.1789138560823145,fibroblast
1439,17623,12.246699096594858,721,656,0.9098474341192788,-159.88368943234846,5282,0.2724346838318818,IMR90,Oligo,IMR90_Oligo_A3_N3_2,11,300.5,79.91899692705934,56.358079889418704,31.48859661712056,0.8293538409041902,0.1597554492291334,0.2275653161681181,1.0873556444026753,fibroblast
465,4143,8.90967741935484,320,210,0.65625,-160.41361734633048,2263,0.2054794520547945,IMR90,Oligo,IMR90_Oligo_A3_N3_18,5,104.5,-47.20757400380504,36.64191531025875,14.475570666754672,0.9186574838054384,0.1242937853107344,0.25565749235474,0.9863018127300878,fibroblast
708,10270,14.505649717514125,416,658,1.5817307692307692,-136.2851400971371,2409,0.2938978829389788,IMR90,Oligo,IMR90_Oligo_A3_N3_20,2,154.5,-81.43503654605466,42.99035990141259,19.875624833568217,0.8867092531382677,0.1672077922077922,0.2443653618030842,1.0578471514833063,fibroblast
404,6326,15.65841584158416,484,748,1.5454545454545454,-142.41496296076582,1589,0.2542479546884833,IMR90,Oligo,IMR90_Oligo_A3_N3_5,3,89.0,54.06141110951838,22.89520152684977,19.15462825183366,0.5477807089696578,0.1799797775530839,0.260614934114202,1.1289357841793386,fibroblast
2131,41364,19.410605349601127,413,1238,2.997578692493947,-114.8829055212485,5645,0.3775022143489814,IMR90,Oligo,IMR90_Oligo_A3_N3_17,3,503.0,-68.91609166430746,48.69628714284162,32.92608646107591,0.7367622582376493,0.2853900709219858,0.4147598433312719,1.3360686682187335,fibroblast
558,6287,11.267025089605736,505,355,0.7029702970297029,-170.6207393968042,2108,0.2647058823529412,IMR90,Oligo,IMR90_Oligo_A3_N3_7,5,128.25,-66.82367936450106,40.22969001538018,15.71079126795925,0.920591356937719,0.149519090644127,0.265253360910031,1.0718943350621624,fibroblast
387,5726,14.795865633074936,237,217,0.9156118143459916,-171.12440068371143,1188,0.3257575757575757,IMR90,Oligo,IMR90_Oligo_A3_N3_15,4,94.0,-81.41063120531244,21.062649641534545,15.002321369826282,0.7019042381064854,0.2611111111111111,0.3864337101747174,1.179717663940405,fibroblast
632,9396,14.867088607594935,376,582,1.547872340425532,-139.12952180835978,2007,0.3148978574987544,IMR90,Oligo,IMR90_Oligo_A3_N3_11,4,137.25,-28.04915161745048,27.17567573610894,22.325413165631804,0.5701769405795513,0.230188679245283,0.2910922587486744,1.1285414672331946,fibroblast
455,5041,11.07912087912088,355,269,0.7577464788732394,-164.9718278178233,1750,0.26,IMR90,Oligo,IMR90_Oligo_A3_N7_21,2,98.5,30.29552731244745,38.60528549765757,12.915770171616863,0.9423745813405712,0.1074740861974904,0.2660364618501012,1.1231918061781938,fibroblast
608,6194,10.1875,215,170,0.7906976744186046,-157.1940657831295,2395,0.2538622129436326,IMR90,Oligo,IMR90_Oligo_A3_N7_16,4,116.0,-14.65798678754963,54.567430470562144,13.19067289213968,0.9703431496632492,0.1129778427075724,0.2246973365617433,1.0472628346345216,fibroblast
923,10859,11.76489707475623,692,489,0.7066473988439307,-172.959140001196,4260,0.2166666666666666,IMR90,Oligo,IMR90_Oligo_A3_N7_18,11,171.5,9.72433540627336,53.51089361155002,24.71966975972485,0.886902927447152,0.1332556332556332,0.1685503685503685,1.0036104556749927,fibroblast
429,3291,7.671328671328672,628,341,0.5429936305732485,-162.8610724308003,1927,0.2226258432797093,IMR90,Oligo,IMR90_Oligo_A3_N7_20,7,99.0,28.34769067025311,41.3434999901932,14.471877733619284,0.9367347625572418,0.1015384615384615,0.2214765100671141,0.9763123011094508,fibroblast
1295,10815,8.35135135135135,1389,592,0.4262059035277177,-182.97824843561733,7131,0.1816014584209788,IMR90,Oligo,IMR90_Oligo_A3_N7_23,19,260.25,18.41232623572448,79.3192279740688,28.59579295840466,0.9327533111537653,0.0844693281402142,0.1569662243667068,0.9488806971294472,fibroblast
528,3615,6.846590909090909,505,188,0.3722772277227723,-179.07984001591888,2640,0.2,IMR90,Oligo,IMR90_Oligo_A3_N7_22,7,91.25,29.915153372847698,52.25410131025391,14.007337417142772,0.9634016708651336,0.0681224337439343,0.1600175361683472,0.9155809008517488,fibroblast
352,2576,7.318181818181818,462,133,0.2878787878787879,-198.9880269808971,1874,0.1878335112059765,IMR90,Oligo,IMR90_Oligo_A3_N7_4,5,63.25,43.75721097192996,32.58253175954574,16.263659018559252,0.8665140347051887,0.0883997204751921,0.1575342465753424,0.9517383066203492,fibroblast
1460,19850,13.595890410958903,853,688,0.8065650644783119,-173.72140427973432,5817,0.2509884820354134,IMR90,Oligo,IMR90_Oligo_A3_N7_19,7,314.75,71.40699908049586,63.06399490526639,31.03482505605705,0.8705294169673092,0.1380482456140351,0.2134983890113617,1.0725108395919556,fibroblast
722,5706,7.903047091412742,809,312,0.3856613102595797,-185.73271351097216,3554,0.2031513787281935,IMR90,Oligo,IMR90_Oligo_A3_N7_15,11,136.0,1.8775804616932057,47.96441946896622,21.40463885782933,0.8949029687225102,0.1194554238032498,0.1719342604298356,1.0302128929065475,fibroblast
2045,23163,11.326650366748169,624,512,0.8205128205128205,-161.43652410754152,6655,0.3072877535687453,IMR90,Oligo,IMR90_Oligo_A3_N7_12,12,431.5,-23.38595119779088,80.1913616248426,32.57377851036955,0.9137839348638764,0.1152510683760683,0.2301333333333333,1.0546617469489246,fibroblast
1161,14004,12.062015503875967,1044,558,0.5344827586206896,-191.6658020459332,6233,0.1862666452751484,IMR90,Oligo,IMR90_Oligo_A3_N7_17,3,227.75,42.313387412862575,67.64317771528518,28.226541430191453,0.908775281886061,0.0788335064035998,0.1587937946662018,1.1184470429217088,fibroblast
1170,12731,10.881196581196582,779,474,0.6084724005134788,-177.35615627589922,3997,0.292719539654741,IMR90,Oligo,IMR90_Oligo_A3_N7_5,13,248.0,24.3794775254824,56.25636092751056,24.649614604587946,0.898894161069056,0.1435185185185185,0.2386910490856593,1.0722877474329464,fibroblast
1955,13351,6.829156010230179,626,352,0.5623003194888179,-153.56059786406675,9083,0.2152372564130794,IMR90,Oligo,IMR90_Oligo_A3_N7_13,32,338.75,19.88809886401975,78.18311855701499,37.71793507866895,0.8759341520004246,0.0960652250974831,0.1531073446327683,0.9104397253350908,fibroblast
264,1834,6.946969696969697,573,111,0.193717277486911,-220.14915550195872,1894,0.1393875395987328,IMR90,Oligo,IMR90_Oligo_A3_N7_3,6,33.25,39.83849467897289,35.78129287050887,16.343822990959673,0.8895848020040983,0.0403030303030303,0.0733590733590733,0.804738014283587,fibroblast
522,3578,6.854406130268199,745,493,0.661744966442953,-143.77265331215807,2269,0.2300572939620978,IMR90,Oligo,IMR90_Oligo_A3_N9_10,9,109.0,-81.6903358434154,33.08086033874524,20.66241951050089,0.7809420783395028,0.1513888888888889,0.2088122605363984,0.9135128736668524,fibroblast
1247,18912,15.165998396150762,597,787,1.3182579564489112,-150.22880762931072,4341,0.2872609997696383,IMR90,Oligo,IMR90_Oligo_A3_N9_23,9,296.0,-31.942748631453963,96.34603499124496,17.166842802912797,0.9839980864898952,0.0568520119081916,0.2589109993439755,1.155777794229248,fibroblast
886,9962,11.243792325056434,817,818,1.0012239902080784,-148.74346588905232,3028,0.2926023778071334,IMR90,Oligo,IMR90_Oligo_A3_N9_17,7,184.0,47.95822817456179,40.677801771693645,26.329770912495217,0.7622555909402284,0.1383458646616541,0.2298563397876327,1.084783048901908,fibroblast
1332,16763,12.584834834834837,538,524,0.9739776951672864,-157.36985189285866,3663,0.3636363636363636,IMR90,Oligo,IMR90_Oligo_A3_N9_7,5,320.5,-60.53725924389832,47.30987915092967,25.40709284425676,0.8435595323860121,0.2413403614457831,0.3479913137893594,1.1485790543664316,fibroblast
576,6910,11.99652777777778,357,437,1.2240896358543418,-140.36882032911723,2298,0.2506527415143603,IMR90,Oligo,IMR90_Oligo_A3_N9_19,9,117.0,-52.83366157667491,42.87138679773607,16.302795290646387,0.9248746275496684,0.1057627118644067,0.2155688622754491,1.0622721505114738,fibroblast
715,7706,10.777622377622375,550,227,0.4127272727272727,-200.6400749590884,2356,0.3034804753820034,IMR90,Oligo,IMR90_Oligo_A3_N9_14,6,165.5,-15.20070483865991,35.24851986946236,22.10551932011236,0.7789119777423952,0.1889269406392694,0.2773355676581483,1.0887587519804935,fibroblast
642,7574,11.797507788161994,455,439,0.9648351648351648,-153.9767081048248,2199,0.2919508867667121,IMR90,Oligo,IMR90_Oligo_A3_N9_12,4,143.75,-25.628416131634623,37.88106751123402,20.15947001610559,0.8466325039967959,0.1514752370916754,0.2551020408163265,1.1187262696486937,fibroblast
436,4538,10.408256880733944,365,123,0.336986301369863,-210.9642138423509,1987,0.2194262707599396,IMR90,Oligo,IMR90_Oligo_A3_N9_20,8,77.5,-72.02612544817711,33.433980658450764,17.216376322716076,0.8572283367080002,0.131578947368421,0.1749435665914221,1.0212368146592254,fibroblast
867,9784,11.284890426758938,784,654,0.8341836734693877,-160.19313172300005,3024,0.2867063492063492,IMR90,Oligo,IMR90_Oligo_A3_N9_15,7,193.5,-13.253892278646164,50.517038339221735,18.595234275915217,0.9297868926245562,0.1773195876288659,0.2647964420116319,1.1377640753079654,fibroblast
688,5948,8.645348837209303,661,215,0.3252647503782148,-201.7284428042996,2908,0.2365887207702888,IMR90,Oligo,IMR90_Oligo_A3_N9_11,3,144.75,-68.94189242784599,41.60679853571563,19.89002863581689,0.8783339499889022,0.136235294117647,0.2264372311302307,0.9979986452413432,fibroblast
651,8899,13.66973886328725,519,466,0.8978805394990366,-167.45852199634496,2087,0.31193100143747,IMR90,Oligo,IMR90_Oligo_A3_N9_21,5,148.5,72.67617480867278,32.47784024866537,20.926293301350704,0.7647515556778481,0.1986622073578595,0.2889105058365758,1.0994280092234503,fibroblast
3257,40862,12.545901136014738,833,1366,1.6398559423769508,-125.13931511091732,11910,0.2734676742233417,IMR90,Oligo,IMR90_Oligo_A3_N9_4,26,701.0,-60.49433476160119,144.1572091264538,29.73652950800597,0.9784933265171806,0.0661320754716981,0.2221166032953105,1.0607549618072931,fibroblast
1184,10453,8.828547297297296,1446,651,0.450207468879668,-183.0262904198321,6499,0.1821818741344822,IMR90,Oligo,IMR90_Oligo_A3_N9_22,13,243.75,-59.85259855991035,66.17202149165348,28.46080053394221,0.9027797111875868,0.0998975409836065,0.172322375397667,1.0271669425625356,fibroblast
705,8040,11.404255319148936,510,511,1.0019607843137257,-149.56970323483773,3488,0.2021215596330275,IMR90,Oligo,IMR90_Oligo_A3_N6_15,10,151.25,11.67702202822952,41.26608977926901,22.867418563416862,0.832419815031192,0.1493827160493827,0.2098508498092265,1.0810627399418151,fibroblast
448,5696,12.714285714285714,464,386,0.8318965517241379,-167.69656431145242,1760,0.2545454545454545,IMR90,Oligo,IMR90_Oligo_A3_N6_2,4,92.0,-43.28945563111549,35.91301420724205,15.765141009225614,0.8984962071417332,0.1075394506136762,0.2212868310282622,1.1031052401458956,fibroblast
897,9671,10.78149386845039,546,189,0.3461538461538461,-211.48024030212093,4033,0.2224150756260848,IMR90,Oligo,IMR90_Oligo_A3_N6_17,10,202.25,24.63564170630993,56.42540377524848,20.5859314063908,0.9310724036337452,0.1239466830090393,0.2325380856567979,1.014144829064357,fibroblast
216,1570,7.268518518518518,354,67,0.1892655367231638,-224.36164224066133,1263,0.171021377672209,IMR90,Oligo,IMR90_Oligo_A3_N6_4,3,37.5,-18.118386013573183,29.57592165698505,12.156094977340423,0.9116293807842684,0.0826446280991735,0.1383763837638376,0.9426712854667368,fibroblast
680,6502,9.561764705882354,582,510,0.8762886597938144,-146.97466951946603,3284,0.2070645554202192,IMR90,Oligo,IMR90_Oligo_A3_N6_18,4,133.5,20.79370660928143,56.96645243255724,16.392332576876353,0.9577043147156415,0.0925155925155925,0.1854166666666666,1.0987888264659602,fibroblast
825,11078,13.427878787878788,514,415,0.8073929961089494,-172.89358454519436,2424,0.3403465346534653,IMR90,Oligo,IMR90_Oligo_A3_N6_3,2,201.25,45.615419072937904,43.82077155883294,16.557165774895854,0.9258716001755344,0.1793672014260249,0.3644182888184699,1.210814071590602,fibroblast
201,1281,6.373134328358209,490,194,0.3959183673469387,-170.88627549155868,1372,0.1465014577259475,IMR90,Oligo,IMR90_Oligo_A3_N6_13,3,38.75,-45.51505906381851,33.079588418272216,12.671542601709064,0.9237225171541324,0.0601708074534161,0.1201550387596899,0.8592656442317291,fibroblast
874,6911,7.907322654462242,614,235,0.3827361563517915,-186.2342177399888,5624,0.1554054054054054,IMR90,Oligo,IMR90_Oligo_A3_N6_12,14,149.5,3.612571412745893,267.978091928893,28.908389219818755,0.9941643631929832,0.016750700280112,0.0261695330620104,0.9003415740102207,fibroblast
273,2075,7.6007326007326,679,537,0.7908689248895434,-139.16636173757473,1559,0.1751122514432328,IMR90,Oligo,IMR90_Oligo_A3_N6_5,4,51.0,-26.5353584280789,30.04469649878165,15.506247501542472,0.8565247330909046,0.0894736842105263,0.144578313253012,0.9066536829433764,fibroblast
1032,12700,12.306201550387597,1044,841,0.8055555555555556,-167.66907574480086,4582,0.2252291575731121,IMR90,Oligo,IMR90_Oligo_A3_N6_14,8,238.5,65.96477992006079,50.17235862156103,24.79027788942839,0.8694037699496737,0.1616949152542373,0.2505252100840336,1.1090994078525904,fibroblast
462,3192,6.909090909090909,504,463,0.9186507936507936,-124.08776781059537,2830,0.1632508833922261,IMR90,Oligo,IMR90_Oligo_A3_N6_16,6,82.25,19.109719993311497,46.94117129873049,15.794520549424568,0.941692475621921,0.0770852858481724,0.1426094495015171,0.9459757303247742,fibroblast
468,7152,15.282051282051285,330,799,2.421212121212122,-113.3082598722422,1581,0.2960151802656546,IMR90,Oligo,IMR90_Oligo_A3_N1_37,4,109.0,-72.01287568673628,27.970453231358984,16.027019332162258,0.8195566263061607,0.2067330488383119,0.3180160466812545,1.2020832369505263,fibroblast
479,5921,12.36116910229645,279,380,1.3620071684587811,-135.6444346996404,1973,0.2427774961986822,IMR90,Oligo,IMR90_Oligo_A3_N1_30,5,97.5,-85.4755240614909,35.67963505225798,16.84906256993979,0.8814743408738303,0.1526418786692759,0.2165463631315935,1.084333116934245,fibroblast
1150,15961,13.879130434782608,1207,2098,1.7381938690969343,-127.76869379269291,4158,0.2765752765752766,IMR90,Oligo,IMR90_Oligo_A3_N1_23,6,236.25,-79.36560761826513,61.81757450127508,20.77306921525498,0.9418483414153528,0.1661684543696149,0.2360729452910317,1.1392564424711165,fibroblast
778,13111,16.85218508997429,388,904,2.329896907216495,-121.68736285295458,2924,0.2660738714090287,IMR90,Oligo,IMR90_Oligo_A3_N1_36,8,170.5,-73.73660887418858,61.97126984039909,15.433581407516842,0.9684921362074582,0.1189396581792814,0.2354159475319295,1.0644031872519206,fibroblast
770,7282,9.457142857142856,618,754,1.220064724919094,-125.94378380524913,2840,0.2711267605633803,IMR90,Oligo,IMR90_Oligo_A3_N1_1,5,139.5,-57.824387319543206,48.188634905134414,18.91335675722312,0.9197580480200628,0.1064073226544622,0.1997851772287862,0.9868197002981908,fibroblast
1092,19917,18.23901098901099,669,984,1.4708520179372198,-154.8398368357412,3195,0.3417840375586854,IMR90,Oligo,IMR90_Oligo_A3_N1_10,5,255.75,48.68853036988179,35.728636292514906,31.369998269018573,0.4786475085590622,0.1868151935719503,0.3107533414337788,1.3183221920232042,fibroblast
1609,32491,20.193287756370417,691,3471,5.0231548480463095,-85.56446216995406,4416,0.364356884057971,IMR90,Oligo,IMR90_Oligo_A3_N1_27,6,375.5,-76.89284325208774,59.94129022040062,22.058655786684383,0.9298240669192837,0.2665483584738243,0.3668783585735222,1.2079089907746956,fibroblast
1133,17805,15.714916151809357,528,902,1.7083333333333333,-136.47416404714184,3736,0.3032655246252677,IMR90,Oligo,IMR90_Oligo_A3_N1_2,8,257.75,-76.39295707274907,63.60403699459907,17.92344411466969,0.9594739691523224,0.1618524332810047,0.2942351598173516,1.1703312675598174,fibroblast
301,2752,9.142857142857142,619,432,0.6978998384491115,-158.21813605280792,1632,0.1844362745098039,IMR90,Oligo,IMR90_Oligo_A3_N1_6,7,52.25,-50.94917629119956,32.158752669132,15.849661144621168,0.8701104168669845,0.077292899408284,0.1351001939237233,0.8652431324987627,fibroblast
725,12473,17.204137931034484,307,543,1.768729641693811,-139.9056341353442,2505,0.2894211576846307,IMR90,Oligo,IMR90_Oligo_A3_N1_12,6,159.25,-70.24281100247909,53.65022484919415,14.708126708662697,0.96168738161752,0.139723623601667,0.2661930631007104,1.2296310710120588,fibroblast
1167,15790,13.530419880034277,795,1610,2.0251572327044025,-116.80652759579574,4349,0.2683375488618073,IMR90,Oligo,IMR90_Oligo_A3_N1_35,7,257.0,-74.7399768064451,57.97313407514628,20.28748795344451,0.9367697350996952,0.1714762301918265,0.2869905080960357,1.1110574986008044,fibroblast
1070,20494,19.153271028037384,414,1162,2.8067632850241546,-118.1071552215059,2708,0.3951255539143279,IMR90,Oligo,IMR90_Oligo_A3_N1_16,5,251.5,-74.29520698729688,47.835342091238815,18.728011237921173,0.92017388460854,0.2328703703703703,0.3676900584795322,1.3302813279601644,fibroblast
947,15332,16.190073917634635,382,563,1.4738219895287958,-147.38716779754702,4194,0.2257987601335241,IMR90,Oligo,IMR90_Oligo_A3_N1_4,9,216.25,-67.47013975592195,65.32037069168742,19.03308360842195,0.9566072299014312,0.106895699456253,0.2272727272727272,1.171447364761376,fibroblast
